login_account,1,2,3,4
002e8cba-d04f-4881-a1eb-a86359f3d966,1,0,0,0
00861a55-7dc4-4dfd-a477-fbe80b5e6a67,1,0,0,0
00915c3b-7ee5-4544-a164-05b1a86c9939,1,0,0,0
00d42ef7-059f-4e69-8aa3-8d8120979b1a,2,0,2,0
012b3e27-c8bc-473d-a59e-b88e6f135225,0,0,0,9
0141fb15-8c75-42cd-ae64-fd9be935fba9,1,0,0,0
01585437-b75c-4e8e-adb4-24abef266094,0,0,0,10
01694ea2-0ad5-43a5-ad03-fe6afbe24e1f,0,0,0,9
0172b7ee-db19-46a3-a9c0-98218d04a10d,1,0,0,0
019419a3-200d-41c7-b635-0594e2bff2f2,2,0,0,0
01aab67b-c54d-463b-8fcb-2414968e169c,2,0,2,0
01cadabe-c3dd-4b9f-9245-2f96d853349f,0,0,0,11
01e5ce4b-2c8c-423e-bdea-911f14ae3fb5,0,0,0,10
01e72c04-5dc5-4a11-9bf6-c48bbcd12bfb,2,0,0,0
01fe69a6-4523-4caa-8571-294b22dbe7de,2,0,0,0
020919a7-5df7-4f5a-98eb-2b9391cde624,1,0,0,0
0248df08-da6c-48df-ace5-b8b97fc1087f,2,0,0,0
025e1ed5-94b8-4afb-9357-08c70f451a42,2,0,2,11
0268c1a5-e1d1-41ee-97a5-b85fff8397f5,2,0,2,0
02717851-809c-45f5-86d1-54afef099bb0,1,0,0,0
02853b5c-c1ae-47d0-a16a-17d5cf2a9eca,2,0,0,0
0290f8c7-23a2-488e-b036-3c83c83b9c00,2,0,0,0
02d5a15f-c4f1-4af9-8361-4a8cbb6aa473,1,0,0,0
02f1e75c-a61a-48f3-ab72-a94b21b39c27,1,0,0,0
030aed50-aad9-47bd-885d-a56def01da43,2,0,0,0
0348c740-ff24-4f6e-a174-db69aa0453a4,1,0,0,0
03597217-fcf5-42dc-a6b2-eaf7912d08b6,0,0,0,10
03880781-3564-4ac8-ba1e-345df89f6271,1,0,0,0
03c538a8-33cf-4f98-a1a7-cd89059707ac,1,0,0,0
03c9f62a-d7a3-4c7b-a1d1-a33e5b57bc69,1,0,0,0
03da9ba7-6efb-4b90-ad26-5f872f785247,0,0,0,10
040cf686-6295-4eae-bfee-3d66dcb45c67,1,0,0,0
04f2d9a1-58fc-4541-89cb-f13708a43cba,0,0,0,9
0535fefb-49bd-4e1b-a9ce-155dfd127437,1,0,0,0
05476fe1-c912-4302-a6f6-11115f8db9d0,2,0,0,0
05961c5d-1e21-4b15-a6e1-1ba0b6193487,2,0,0,0
06732f67-d120-4a99-84c8-f7cac89d442c,2,0,0,0
0683ee28-ab2e-47d0-a085-fbff1660f57c,1,0,0,0
06d6c133-3e8b-4504-9ce1-8bd6d797edd9,1,0,0,0
06df4c90-d788-4087-85ca-a986708664cb,2,0,0,0
06e547e0-82bb-4dcb-b2d8-c3100a649bf5,2,0,0,0
0746b8f8-f692-4526-95f3-7732d8e27b17,1,0,0,0
0772843d-fc41-42f7-8ceb-ff75e5f3d3f9,2,0,0,0
07aa4e17-7c36-4157-95ba-af12c48e3f60,2,0,0,0
07d3d15b-201c-41a4-8e3c-7fb6ad86d0fe,2,0,2,0
07d68572-22cb-4924-a1cc-3966398513f3,2,0,0,0
0883eaee-3963-46a5-9e69-4c23a2fee5db,1,0,0,0
08a01cef-b9ec-48db-a631-5123b58f23bf,2,0,0,0
08be7111-3307-45a5-99ae-af0e652c8e1b,2,0,0,0
08f5a4ac-b32e-4b44-9887-85196f430a00,2,0,0,0
08f94ffe-f545-4a26-b005-b6910ff17761,2,0,0,0
098a9959-969b-485d-ab7a-bcc737583463,2,0,0,0
09d511f0-d93e-4a62-bb64-65da5bd89910,1,0,0,0
09effeac-db88-40c5-aa13-f60bc0f90704,2,0,0,0
0a1dd722-cc40-4876-b58a-94a4c9b8677a,2,0,0,0
0a6ea85f-6541-455d-befe-168c7bcf5d96,1,0,0,0
0a79d184-33bc-4789-9353-fc053d842d8b,1,0,0,0
0a994689-1358-4791-9137-7b234a608eb6,2,0,0,0
0a9a480e-0b3f-4611-bf64-a4d5659343ee,0,0,0,10
0abb1c88-238b-4e79-911a-ec94e12f92e2,1,0,0,0
0b15586c-3bd5-4be0-8987-22f599b90a98,2,0,0,0
0b77c147-5664-429c-842d-655574443e45,2,0,2,0
0b7b3da0-4630-4394-92c2-31079a2d4f3c,1,0,0,0
0ba8b1c4-b3f4-4483-8a18-8042354d3ebc,3,0,2,0
0baf3ff5-ce1d-4928-a643-098ea494edd2,5,0,3,0
0c1bf83e-70ec-42bb-96e5-6e0c17bb89ff,1,0,0,10
0c26f06f-6175-4425-9796-ea7205948096,5,0,3,0
0c5e8cd4-c1a1-401f-8a8f-9bf3306251c0,1,0,0,0
0c7a9592-8a9b-4397-b74d-03512add0e3a,0,0,0,9
0c9640a5-7495-4d1f-9221-3199136029e2,2,0,0,0
0cf2068b-0f3f-471b-b14c-260665a23986,1,0,0,0
0cf67f35-3bdd-4300-a665-65b5d4d6a8bc,2,0,0,0
0d0f3348-2e2b-4925-a1ea-eac1393b53c3,1,0,0,0
0d1059e6-78ef-4080-badd-ff4cd5e1f912,1,0,0,0
0d433504-51c3-4c35-9899-edcca0d55e77,0,0,0,11
0d4e8fa5-b6d9-42e7-bdf4-bfe3036a973d,1,0,1,0
0d582a55-5fc2-4714-b81d-88edd1d20e37,1,0,0,0
0d8486c8-f666-4f0f-9c65-7211f5a0e57b,1,0,0,0
0d9c3828-4707-4dac-a3be-5520ddcb0c2e,2,0,2,0
0dae851d-2882-4aad-b912-694f039d5af0,3,0,3,0
0db0903f-ac44-4bbf-ab82-f10c9767050f,2,0,0,0
0db6dd61-e968-42f9-89b6-b0a83a7b0b09,2,0,0,0
0e24195a-cbb8-44bd-8a8d-6fa0441042f3,2,0,2,11
0e2e63ab-3d37-4326-a350-bb0ec3a4f85f,1,0,0,0
0f03a6cf-e226-455c-833a-746540a46628,2,0,0,0
0f7ced67-7ab1-4827-8107-065966ac19d5,1,0,0,0
0f8bc339-d0b5-46c5-8def-c8e12627b0cd,1,0,0,0
0f957fc6-1a3a-4981-8e57-482e0b335588,1,0,0,0
0f9a3688-ad0d-481a-8694-a1c34b158939,2,0,2,0
0faa0219-ea51-4685-8516-f2bcf25eeef0,1,0,0,0
0ffb1172-530c-4fa7-af39-33198ae534b2,0,0,0,9
102616fd-9df8-4dae-b77e-11164c96bc93,2,0,2,0
1026fa3a-478e-44eb-8891-32a974214b6b,1,0,0,0
1027392a-d1ab-4ae0-ac88-d145fb4f16c3,0,0,0,11
1028cbd7-4d4a-4baa-934b-d945f11dd7e9,0,0,0,11
10412a21-6933-414b-8dc0-03745db828a3,1,0,0,0
1050a7f1-adcb-4d50-88fc-459258d33947,1,0,0,0
108e7085-1a90-47c7-a82a-49d36bf6a982,2,0,0,0
110cd17e-0edf-460b-b24e-1a2f2f3f3fbd,2,0,0,0
112283b0-d2ee-4182-bc1c-df83bbd5010a,2,0,0,0
114c98ff-4793-427f-b048-0f1f0596dd86,3,0,2,0
11649783-5e4a-4d54-81d8-e35ddc62df6c,2,0,0,0
11892d3c-d52d-489d-b923-10a935593953,2,0,2,0
11954a34-966f-43e3-ac78-e15cafea12c4,1,0,0,0
11d37b7a-9c46-4124-9d02-a3cb4cd1d4a2,2,0,0,0
12051e27-ce6f-41f4-9fc5-e87a7a59071a,2,0,0,0
12241056-3444-419e-aea9-ba5d8e9f4b0e,1,0,0,0
12361a27-3a2a-4cd3-a2ca-26130cb251ae,2,0,2,0
126f1d48-fc71-4dc0-a997-e7216d030c53,3,0,3,0
12d927f1-687c-4dde-a865-641da258a51e,1,0,0,0
12fb37f2-c871-4e29-bc69-a2dc97a70048,1,0,1,0
131239e5-e8e6-46f9-b509-a48bf8c0287c,1,0,0,0
1314ba88-bee4-4a26-8a78-f56849e143c9,2,0,2,0
13352b21-1a16-4969-b814-ce2d4069c248,1,0,0,0
133d5f5c-73e4-4f29-9fb6-06e2529352e4,2,0,0,0
1356c511-68e4-4f73-a706-20739ab5db9b,2,0,0,0
1370e06d-881a-4e92-a2eb-31b9f62c9adc,1,0,0,0
1377b1d1-e28c-4666-90e4-ebe46d699124,1,0,0,0
139dc5fa-c993-43eb-9e06-915348ad9c02,1,0,0,0
13d76847-d8f3-4532-9fea-eaa5b3f1c1e5,2,0,0,0
140c1791-4603-46cb-8bbd-41fd1b330c60,2,0,0,0
1419a446-01ce-427e-bc20-30a174b6d418,2,0,0,0
143b8be5-88ae-4b10-a3e9-a4eba914045c,1,0,0,0
144215e3-4485-4bb0-86aa-594efc839cd5,1,0,0,0
145e07e3-6a0f-4bf9-9074-eb7751cfa83f,0,0,0,10
14bcdef6-7059-4341-94b4-7b4da101a194,3,0,3,0
14e39480-721e-4e78-b91e-1aa5ccd11af6,1,0,0,0
14ee1b60-a9c5-4d06-9ac7-bbe42470f4f9,1,0,1,0
150489bb-f455-4401-bc85-9e23345e8e32,2,0,0,0
1536e184-4226-467f-b821-d760dd6216e0,1,0,0,0
160f86a5-3222-49c0-befe-c3eea525cc93,2,0,0,0
163ff31c-6fa0-4e2a-bef4-3484e497612b,2,0,0,0
1645e4f6-0255-49fb-9676-b3f49cad71cc,2,0,0,0
165b7595-7dd5-4222-8480-6c5be2393930,2,0,0,0
16a77ece-79e3-4fdf-ba18-bd1141d3aff7,2,0,0,0
16a7cf18-f0f7-495a-8049-32748d704a36,2,0,0,0
16b7633c-cbd5-4420-8ddd-749d3dd77d80,2,0,2,11
16fa35dd-041b-4bfd-9cc4-aa19b4d1f152,2,0,0,0
17277f8c-9bb0-47c7-b1ac-62420dbf018d,1,0,0,0
172f838a-0988-4dda-a3c5-b686a8dca15b,2,0,2,10
173231af-4d62-422d-b116-5dab00a8a564,1,0,0,0
177d781c-49e4-4ee4-b3b6-90018b4832a4,2,0,0,0
1784a0ce-2c59-4dc8-b4c0-960add85be89,2,0,0,0
17857965-d48f-490b-8cbe-42169f21953c,1,0,1,0
178891a1-08f3-4195-a955-6488cb341861,2,0,2,0
1796d3e5-addb-4ce7-91d3-01f20feee97c,2,0,0,0
1803d01e-8563-4613-8331-557190e50d0f,2,0,2,0
184be439-b39f-46db-8b25-d3be6d71e715,4,0,2,0
18a99937-ec39-4bd4-a7df-1130f3ea2076,3,0,3,0
18c1c92e-01d5-436f-9909-ffee509787de,1,0,1,0
18cdaff8-0834-407d-bd81-6567239050b4,0,0,0,11
192cfd57-6e17-4f2b-b25e-5f23cd8cbbb4,0,0,0,11
19e0ef9d-5579-46d9-ae5b-d0bd61830f4b,4,0,2,0
19f1ae70-e397-4d95-a0ef-5a025dd98135,1,0,0,0
1a0f95e0-88e8-4b5e-9c4b-4fa7cffc329a,1,0,0,0
1a66d39b-6798-4f18-8382-f85075480155,2,0,0,0
1abe949b-6b81-4c08-9102-89734cb01d17,0,0,0,11
1b3380af-3c55-4343-bf01-ba92286beb7f,1,0,0,0
1b9ea309-8a66-43fd-82c6-4c759f390490,0,0,0,11
1bd5a947-5f38-4938-a24d-4de9ba3f26b3,2,0,0,0
1bd9772e-6ecb-4922-bcb1-c10f65f9c3ad,1,0,0,0
1bed7282-2675-494a-8bee-1bc7780192d0,1,0,1,0
1c44ef88-a17e-4590-8958-6e51ad86c0b9,2,0,0,0
1cbcbe8d-94cd-4a8e-a94b-c25b5a8cb867,1,0,0,0
1ccdcea8-7f1f-497c-9285-717f02229978,1,0,0,0
1d23d438-37cb-4ca7-ba84-d16fcb031478,2,0,0,0
1d45fa04-606a-4598-9618-186ee6a7f079,1,0,0,0
1d8d3542-35c3-4aef-94f6-d4f9613e9544,1,0,1,0
1dd76005-e3cb-4f2b-9714-8f64762ee69c,2,0,2,0
1e05bfdb-d087-428a-b3a1-38665b436b71,2,0,2,0
1e3219de-5d58-437d-814a-2f0a20c51490,2,0,0,0
1e5a55f5-dc5a-4760-9a95-da276b134641,2,0,0,0
1e721478-6d07-4b19-8c6c-329536dfddc9,1,0,0,0
1e78579d-c435-4a14-a3d3-9ad1059aa394,2,0,0,0
1e80c784-b47e-49ab-91a2-83e700cdf42d,2,0,2,0
1e9225af-cf15-4592-adc2-d4f323dc9bb0,2,0,0,0
1e99ed8f-8644-4874-ae90-2d0f47a66c4a,1,0,0,0
1ed72121-5d64-4910-b708-3f473b32cf7e,1,0,0,0
1f06af3a-a1b8-40a7-b827-c08a85c77ba4,1,0,0,0
1f5c069f-24c1-4df3-96bd-18fa829b61eb,2,0,2,0
1f9bf3b6-9308-4620-a439-abae312954f6,1,0,0,0
1fcb5e0c-5892-4508-8ff0-67dfbbe22d4d,1,0,0,0
1fcb72f6-9e6f-4e8b-9a30-981b7bea1939,1,0,0,0
20231bdb-6957-492e-9b2b-f3b9f95f2c7b,1,0,0,0
204f7056-5422-439c-bbed-23c4cf00d9b9,1,0,0,11
204fb777-2b52-4b53-96f4-048ca046e198,2,0,2,0
2054a5d3-d1d4-4fde-a4d3-f17662e877c3,1,0,0,0
20b635cf-60cb-4308-91b5-8818548711d9,2,0,2,0
20d9eaf3-00b3-4f83-9329-21742513031d,1,0,0,0
20de5e33-a8ef-4920-9342-ef1afd85c28c,2,0,0,0
20fb767b-badb-4ba8-b82f-006f663f06dd,1,0,0,0
210fadf5-e451-4cab-9165-94b17c9f7fe0,2,0,2,0
211bdacb-73b5-4d8e-97f5-e75495b53c76,2,0,2,0
2121038b-fded-4511-a5c8-a60841ff874c,2,0,1,0
2174dc81-cec0-4d33-93f2-6e18dd24c9d4,1,0,0,0
21b730a1-f714-4be4-9c1b-e2f4b2725274,0,0,0,9
2230a1e8-4e13-4a36-ab7c-4f22850faae8,2,0,2,0
224e5ca5-ea74-4ba9-9c4d-e195d7e856ff,1,0,0,0
227b97ed-7089-41c6-9d2a-97fb2a99ae1e,1,0,0,0
22aa8818-5c1a-4aa4-b880-cd42e98fc656,3,0,3,0
22d1cce5-3119-40a8-9259-49a44bfe02a3,1,0,0,0
22d5a1ad-5f9e-4668-af6d-6c78e032ed05,2,0,0,0
23148c1a-8e78-4ad8-aece-5f8df369af92,2,0,0,0
231b6884-e561-4970-bac5-6dbb73ec1e8b,1,0,0,0
23326dcc-bf8f-4c06-ad62-681cb0f4d662,0,8,0,0
233f3280-8341-41c9-9de5-dd4731e7919d,5,0,3,0
237d72e7-8dcf-44de-a87f-1d32745fec3d,0,0,0,11
23b06b10-4975-48e9-8bc9-acf7a6652ae1,1,0,0,0
23def3de-bf22-4f9a-83c9-57b2e73cdaa8,1,0,0,0
240b0ce5-e585-4e43-973c-6c8aed30d82c,2,0,0,0
2450704a-be1f-48e6-8ac1-cdb6b0a09fda,1,0,1,0
25188e61-b620-49c2-9836-02cc2cf00927,1,0,0,0
252788d7-ff26-4bb3-8bdd-c2903a7257e5,2,0,0,0
2572c4c0-d572-4f8b-8037-39f14fcc8d51,1,0,1,0
257725a1-d73d-458b-a6cf-0c163b43d219,3,0,3,0
257f9c1d-3651-4810-a794-7f538440136a,2,0,2,0
25b7fc1c-a51e-4e14-a98a-ce3c80f5dd2d,2,0,0,0
260dbcdf-e7f7-4c0c-a37a-84cc0e76bf51,2,0,0,0
263942a5-a98d-465d-8e6b-e86c7b3de01a,2,0,2,0
2668f737-86b7-4256-a044-0cefb1bb5b3d,1,0,0,0
26b1c444-d53c-4281-b8a1-8ced51ac8b76,2,0,0,11
26d66510-b755-40fa-b9e2-2af948d2a41e,0,0,0,9
26e05c7c-e3a5-4ee1-8649-85601deb2003,2,0,0,0
275665dd-d3a7-4c90-a945-bd409c1acf6c,0,0,0,11
275ee420-51e9-441e-aeb6-26d883b91c73,2,0,2,0
27860300-b836-4661-9731-7ec6731d1408,1,0,1,0
27997f6f-f0f4-4699-b8fa-9db96ce68286,1,0,0,0
27f85fab-9ef3-43fd-a429-951edffed702,2,0,0,0
28390002-2ec6-4ae7-a132-398a49d0a537,2,0,0,0
283a31d9-1c3c-4f61-9d85-8612ee96ed4d,2,0,0,0
28cc4db4-b659-441c-ae0b-bbc0ea753207,2,0,0,0
28d30d3d-a39c-4c7f-a72c-08d29d7865ba,2,0,2,0
29e0be19-ef92-4874-98b5-7bdf268927b0,1,0,0,0
2a1dda0a-4e5f-444c-8a7b-df1a33ec94be,1,0,0,0
2a71896f-25a6-49d9-a85d-5cc43a53b3a2,1,0,0,0
2ab8aaa9-dd02-463f-abfb-ac4f14358c4c,1,0,0,0
2ac65a50-b0ed-4fd6-894b-3c82bd380d37,2,0,0,0
2ad46807-72df-48e1-a01d-83fc7afabe6e,2,0,0,0
2ad4dc0d-0a5e-4ce4-9468-ff4d0351d53a,0,0,0,10
2ae12b84-030d-43fe-8097-9e7df5f5a530,4,0,2,0
2af9ce1c-f7c8-44d2-ad03-e183d22f53bf,2,0,2,0
2b4e54d1-b2ee-43e8-b724-7898872da0ed,2,0,2,0
2bda03b9-fbed-4c8c-814d-8315b77d9b42,1,0,0,0
2c06f7ad-1651-4f9f-82a2-f88a0d12f12d,1,0,0,0
2c13dc42-a346-46c1-aa64-4b880b1d7a39,1,0,0,0
2c143a23-6dde-4a18-b457-ed05408da2f1,2,0,0,0
2c1c9069-04cd-4e83-a2c9-8b0a1420e8ec,1,0,0,0
2c2220d0-7d1e-481e-b8f6-c84224e77414,1,0,0,0
2c29063e-8c38-44ab-817c-20f5cb2719fb,2,0,0,0
2ca1008d-6e41-4b99-83a9-b43186d9ec40,2,0,0,0
2ca71f36-c183-4e3c-ae96-af64b855793d,2,0,2,0
2cf537c0-15bb-45cc-b2f4-e88d46673559,2,0,2,0
2d19bd66-c139-432b-b68a-3cf053f49201,1,0,0,0
2d580f51-bfd9-4224-b884-f57594e0df46,2,0,0,0
2da71b9d-c506-4678-9b59-006d9dabe906,2,0,0,0
2dabd13b-0db7-4c9e-8fff-60378bdd906d,2,0,0,0
2dd12ef4-d602-4b33-ac43-4d4e99f179e5,1,0,0,0
2ddcad90-d6c7-43c9-a93c-97eca1e986e2,2,0,0,0
2de99ab7-56a3-4ebc-81c3-ed5d89e62999,1,0,0,0
2df16e01-cfd0-4cab-92c3-cfd57f2fd008,1,0,0,0
2e391088-adad-4997-8401-61d25eb63136,2,0,0,0
2e4aba2c-9f53-40f0-822f-802257705efc,1,0,0,11
2e5433cf-12b5-4f73-a9fa-8f77a09fe17c,1,0,0,11
2e65a765-9bb0-4e20-8229-4f3f5057d7b3,2,0,0,0
2e976189-2efc-444a-8d8c-182a6068345a,1,0,0,0
2eaabb64-c208-4bf6-978e-d6a83c8f70f0,1,0,0,0
2ef735a1-3434-4206-a663-f7f03c38ccd0,1,0,1,0
2f0d0ed8-a594-4394-a7b6-987deebcda62,1,0,0,0
2f3b706d-da5c-45d9-a224-80c7a9f98d2a,1,0,0,0
2f41d750-5c7c-4303-8665-db8c6996c9a9,1,0,0,0
2f69aada-5e21-4875-9484-9272dde70251,3,0,2,9
2ff85e5d-babd-4c80-9e71-5250910b8d7b,4,0,2,0
30436617-39db-4b24-8bb2-39871014df4e,2,0,0,0
30462372-8171-4c0e-bcff-bb3d8d0eab60,1,0,0,0
30697215-78f9-43a1-87c4-c33e636b1101,2,0,0,0
30b8ed75-bd8f-4a9f-a805-e5e7e677d596,0,0,0,10
30b9174a-2a05-4ff5-af81-c51e70fde1a5,0,0,0,9
30e2641e-846b-41d3-8152-99dc082d80a8,1,0,0,0
30e78b41-b872-4806-a3e3-646b8c424226,0,0,0,11
30f8cbe7-e3cb-4d42-95da-ffdb640d0862,2,0,0,0
31216029-9d70-4442-ace1-5dc601d0d870,2,0,0,0
3172f33d-7a31-45e3-9312-0191bca16026,1,0,0,0
3179fc10-5eaa-4c61-b83e-0650984e65cc,2,0,0,0
31f41a47-3369-4778-90c9-20998dc8a8a2,2,0,0,0
31f5246f-ea63-44c6-8435-6ef011579eef,5,0,3,0
31fc4e9a-2492-4449-82ea-e8cca65106dc,2,0,0,0
3246bf06-6792-4920-aadb-93035f37b020,0,0,0,11
3250095c-44f9-4db0-9aa3-e84584540c75,0,0,0,11
326b5cfb-b506-4c49-b65e-deceaa79bd58,0,0,0,10
3285fc62-02eb-4197-85c8-ab67ae8cf858,2,0,2,0
3286e26c-d6f9-4e50-a936-ca3c1f11769a,1,0,1,0
32cbd565-fd5b-402b-be50-2811b05d6ad7,2,0,0,0
32d151ec-0253-4df5-9ec7-be9076a78735,1,0,0,0
32fc00dd-647c-4f48-919b-f091592beb01,2,0,0,0
330c1d99-9cac-4b5a-b781-f0db0874f2ed,1,0,0,0
334bfb77-8877-484e-834c-9b567e9d7603,0,0,0,9
3351c660-befe-4cd1-9943-798b3898fac0,1,0,0,0
33605ad4-da44-42bb-bf29-ee9050a39d10,3,0,3,0
33a96c13-a2bc-4006-b417-8a3af5460287,1,0,0,0
33eda9b4-2fe9-44ea-8db2-ad87134aea06,1,0,0,0
34365685-fc26-4845-9af2-b30a25344235,1,0,0,0
343ed998-3937-4f50-bd7a-45b6dc2502e6,0,0,0,11
34546e7a-8f02-4e4f-9750-ed8b7a36e090,2,0,0,0
346ef043-ebfa-47fe-a93f-75446f308040,0,0,0,9
3499c637-6284-4498-b552-002dc9deea6e,2,0,0,0
34b428cd-d492-49fd-af35-5a415f247100,3,0,3,0
34b591eb-2660-4f42-8422-cbb2fa856de0,1,0,0,0
34c4604d-5fe6-4104-bf84-c3bdbcd05406,0,0,0,11
34e23356-e31c-498c-9f23-d5471c68aeb0,2,0,2,0
34edfea4-017a-4f8d-b812-4b04341f062e,2,0,2,0
353bf487-aa15-4eb2-9d12-393e8774d3af,1,0,0,0
35be1655-9bfe-4168-9305-c1b6003a568c,5,0,3,0
35c86a7a-742e-4b67-913d-62c3458e519c,2,0,2,0
35ce6bd6-790a-48e3-aa78-2afc020a1256,1,0,0,0
35f6d5c4-4169-4cd3-8616-a0a4f7826589,2,0,0,0
3606fd22-ad28-4d0a-a907-1dba3e438fcb,1,0,0,0
36112860-c51c-4d0a-a2db-ab11547a5219,1,0,0,0
36519eba-7138-43df-a538-c5fdbff751e3,2,0,0,0
3651e879-3d78-4939-8a40-88d4eb3e89d5,0,0,0,11
3652ec83-ba7b-4a79-830a-008988e1726a,1,0,0,0
3673a004-fa99-43ba-b264-35d44719cdfa,2,0,0,0
3674d27c-0dec-4541-ba36-9b182f1d6045,0,0,0,9
367cd7ad-751f-46c3-aae8-e17fbe8a2002,2,0,0,0
36a5daa4-df13-4409-8e99-bcc6de8542a7,1,0,0,0
36a67760-a449-4f59-a956-d615bdd25390,1,0,0,0
36b3b724-cc70-43d8-9aa8-793d4855b10e,2,0,0,0
37313bf2-d7c8-42c6-8dd3-f140ea0146ae,3,0,3,0
373aeebf-b16c-48b6-acb7-37c2827cc0f8,0,0,0,9
37541550-8c69-4ef6-9d00-995ed33817fe,1,0,0,0
37f6ef3b-1368-4035-a192-db4fd875437a,1,0,0,0
38083c33-a29e-4d7b-b304-1b77b6fe4356,2,0,0,0
388072dc-21a9-4676-8abf-bce82a752429,1,0,0,0
389f51fa-3322-4fa5-97eb-bc503c322c10,2,0,0,0
391f13d6-c54a-42eb-8d28-8eade9a49f12,2,0,0,0
39625971-51cf-448e-a14d-4c600ec9d07d,2,0,2,0
398b287d-4b41-4b2a-b5de-cb174e86a0e1,2,0,0,0
399ab906-f16f-48d0-8d7e-ad5ab34f17bf,1,0,0,10
39a170a9-2d84-41d5-9e40-f06f954ba16a,1,0,0,0
39f32c44-6c49-439d-9711-690d85a59b15,2,0,0,0
39fa660d-dbb5-47f6-8602-5c06f11f72f7,1,0,0,0
3a0a47e2-a13f-4e05-b6aa-878f77ab60ce,2,0,0,0
3a3bd891-b163-41cd-9312-8b3470573179,0,0,0,9
3a4f5237-9250-4a64-a203-679a17b5f11b,1,0,0,0
3a62961d-848d-443f-830f-27a0179f35fb,2,0,0,0
3a897509-35ac-4501-a805-5d2d939f98b4,1,0,0,0
3b17e56f-f3f7-4047-a059-e8ff8f22d62d,2,0,0,0
3bb31a2e-17d6-435a-8bc5-c1c6e32260ff,2,0,0,0
3bfe0a80-ec7a-4a4c-aeb6-5ba5091d5fe2,3,0,3,0
3c308959-197c-40b9-9303-3e31bec3b566,2,0,0,0
3c32215c-c827-4af8-a4d1-2d8308acb488,2,0,2,0
3cbf329d-7c00-4035-8d91-871b297b82fd,1,0,1,0
3cf5f434-ef8a-428a-89fb-3ba55109ec1b,2,0,2,0
3cfcbbb9-1b9d-4eaa-90b6-6ce7d3158c94,2,0,0,0
3dbb4bec-b96b-4949-b722-fd234c13e2d7,0,0,0,11
3e2e8f7a-d2a8-48e3-a4ac-beaf2e745f28,1,0,0,0
3e5325f8-e195-4619-a6b9-866af88772bc,2,0,0,0
3e7cf77c-1244-4b07-bf1b-d8fffdaa1853,2,0,2,0
3f2cdce3-851c-42f3-b7f9-6238af0fe6bf,1,0,0,0
3f51ec25-9568-49b5-a793-770f1ac34729,1,0,0,0
3f567c35-e843-4a76-a651-7d16eb21c3c3,1,0,0,0
3fc7854b-9573-4227-82ec-ab4795fc1a7c,1,0,0,0
3fcdca9c-37b3-4466-b6ac-8dc02d486d59,1,0,0,0
3fd4c53d-003e-4abe-9c1b-e1a877babccd,2,0,0,0
402e1af7-819a-4c11-8a09-c7ff3c85e8c4,2,0,0,0
40503f41-5695-4ea2-b496-2023c0757953,1,0,0,0
40790408-65f2-408f-954d-464ff9f0d1c0,2,0,0,0
40cb81e0-44d4-4270-a9e2-7dbb3241cd62,2,0,0,0
40e9431a-0908-4216-83ee-90a8a521719d,1,0,0,0
40ed7a16-5171-4c48-932f-2811ca146845,0,0,0,9
41df85cd-a15a-4dbb-a774-f2156c6f88e9,1,0,0,0
41e4e05d-2c36-4f7d-a7cd-cf37cd15222d,2,0,2,0
41e7a610-219c-479b-8a3c-4d4674c59095,1,0,0,11
4271872c-aeeb-45c7-848e-3b7617faf7c3,1,0,1,0
430c4079-f4cd-43cc-804b-d2234ce95d74,2,0,0,0
432d3fdc-eb8c-4807-a1ec-8c4cb93ee6da,2,0,0,0
4342853f-eba2-4bc9-b3ee-a1a765cdea5a,1,0,0,0
4357d021-79a0-41ac-b3f6-fe06597d603e,2,0,0,0
437bc024-3116-4719-80a0-37aaffe5e954,1,0,0,0
43860056-afa9-485f-ab21-00fa97f8e483,2,0,0,0
439500d0-f05f-46ae-aeac-ca3afefdd8a1,0,0,0,9
43ca815f-5bff-4e22-9604-8434f5aae73b,1,0,0,0
43da613f-cffb-499b-9de3-304853653e97,1,0,0,0
43df298c-bcda-42c2-9ba1-c6d2d6dd81e0,1,0,1,0
43e15c66-87ac-4382-960a-3b586ee06210,1,0,0,0
4402eb7f-73e4-45d9-a3d8-a635438c045e,2,0,2,0
441ebfd9-1de2-4732-8e17-32f8fc35dc63,1,0,0,0
44384368-0711-4ee0-a7f1-72d731df3c5e,2,0,0,0
44a65a93-42f7-4f38-aa6d-ce85d72fa7c5,2,0,0,0
44a6c496-a6f7-4450-be6a-4e7ef556ceb9,1,0,0,0
44d63323-fa40-4be2-8cd7-d351b9b7cd51,2,0,0,0
44dd5539-d145-4685-9a6e-c6220604243e,1,0,1,0
44df7079-053a-4cd1-a25d-ab6181c218a9,1,0,1,0
450cc113-ad7c-450e-98b3-25a9ce561153,2,0,0,0
4513f976-722d-4200-8cd3-57123d37183c,2,0,0,0
45250b5e-5ab5-4268-9afd-5f5feb00a752,2,0,0,0
45533103-04b1-4ea8-a8cb-3cf3b17b76e5,1,0,0,0
45621b65-2832-477f-b149-3ff284c00780,1,0,0,0
457ee0c4-6ef1-4e76-998c-05348cd49841,2,0,0,0
45cc6729-26e4-4399-b0c6-338f4efdb314,2,0,0,0
464c4faf-66bc-4a32-81bc-f2caea568680,2,0,0,0
46668fac-9491-4ba9-9779-16012a5f3e1a,1,0,0,0
468e4e60-79d5-4194-beee-0c25647c34cb,2,0,0,0
46b58f8a-205d-447c-9cc3-41e877825e13,2,0,0,0
46c28d29-7f2d-4ae0-8545-267bb68e3910,0,0,0,11
46eb90a9-22a0-40d7-ad2d-325aced3f311,0,0,0,9
46fa849f-5530-49be-9e7e-05f574aade62,2,0,0,0
4706bd30-351b-4428-8185-127cc6bcf675,0,0,0,9
47198427-8b24-442a-9538-948bab72e3bc,1,0,1,0
47454329-2b79-4586-874d-8db6ae27871d,2,0,0,0
4750c44d-832e-4be7-927e-a3101250f8f8,2,0,0,0
4770f339-a939-476e-bc95-8ea279a1e9de,1,0,1,0
477eee30-13c3-413d-971a-25600d2aec54,2,0,2,0
47b4b524-4d11-4a71-ad2e-318d8a77df73,2,0,0,0
47ef0337-eff1-4369-8b62-0f7b8d0f92a3,2,0,0,0
47fa36ed-7249-4e2c-bd9a-b5e995af8f3d,0,0,0,11
48055713-aa61-49e6-92af-07a849a1c636,2,0,0,0
480766f6-26ba-4ffe-9d23-6854e395991e,3,0,3,10
4825314a-6eb3-4612-9ed4-46a50386dd5c,1,0,0,0
484f65a0-65e6-44c4-89f7-6c3478d70173,2,0,2,0
485df320-e642-4c13-a33a-2a5960668f08,2,0,0,0
4880e5cd-898c-4bbc-9eb3-e01180b52fe5,2,0,0,0
48920fed-1164-4bf2-8439-b7d215ce28c6,0,0,0,9
48f969a9-1d04-4899-865c-63964afce179,0,0,0,11
491843db-2810-42bd-a010-2b2b171efc7c,1,0,0,0
494c8e6c-be7d-45c1-b6aa-0d0f12dbcda1,1,0,0,0
49671aca-e2b5-4510-aa3c-b9c0d5b554ce,2,0,0,0
49681461-c7ff-4cdf-9192-8af3b569228e,3,0,2,0
498fb546-80a9-4639-ae3c-74603fce4498,1,0,0,0
49b998d6-75ab-4eb6-9490-c51637879240,3,0,2,0
49dfdbfa-56ba-4aa3-9d29-5ca5c21590e1,1,0,0,0
4a6ec11c-91b4-4374-b212-3c344a7468f5,1,0,0,0
4afdb2fb-48c8-402b-a2c9-db223f6471a7,1,0,0,0
4b1cb869-fda2-479f-95d0-06fc82f98b46,2,0,0,0
4b24e352-241d-4f13-9c0c-cca443d94f03,1,0,0,0
4b5ba7d1-6261-4ea6-9246-880f12b38f63,1,0,0,0
4b6df2bd-48c7-4ba2-9669-6bf0a8991700,2,0,0,0
4b7a2a3d-d0d7-4a68-981a-df89860ec598,2,0,0,0
4bcaeb2b-269e-4d2b-93f6-ca6f769c7dcb,2,0,2,0
4c180173-e253-404d-8140-494e0e8899ad,0,0,0,11
4c2659a8-119a-4c5a-a896-fcd7f0cba3be,1,0,0,0
4c77165d-a78c-41dd-a76a-64f5122ee3da,1,0,0,0
4c7d05ca-8b08-4f85-a20f-90eb515c2fb8,1,0,0,0
4c91965f-e110-4233-9895-a0d1349adf24,2,0,0,0
4cd1aee9-8708-47c0-9d68-abedfe1a22ea,2,0,0,0
4cde1913-b8cb-4569-817f-79fb2d4311ae,1,0,0,0
4cf4e9b6-c695-4070-b45a-3461ec89db44,0,0,0,9
4d20c54b-6612-41f6-b145-b394a168efc6,2,0,0,0
4d32ae3d-1770-4e91-8f1a-95fdf7835f69,2,0,0,0
4d5c39fd-da31-45d7-b5fa-0d2c61dd2135,0,0,0,9
4d7277a5-a587-452b-9c1c-207c3251c00b,2,0,0,0
4d7e02f8-f2fe-4de8-bb54-023f3e0aba3f,1,0,0,0
4d8aec79-1a43-49e9-918b-84b6fe090678,0,0,0,9
4d8df2b7-934b-47c2-ae44-2c06e5d5dd89,2,0,0,0
4da1fa75-0a47-49d9-be26-2678c0066055,3,0,2,9
4dd28c08-e9ee-488c-a080-1b9ff4dab989,1,0,0,0
4de6119e-7e9a-4cec-88cd-6c59c2776b4d,1,0,0,0
4e058c03-a8d0-44a4-ab6d-c50a1c1eb952,1,0,0,0
4e4a8c0d-0561-4a19-a433-440dfe84eb5d,1,0,0,0
4e5287ed-20f6-4d67-a288-a9348fec2180,1,0,0,0
4e8a9b41-0f26-40a0-9159-7781c178ee3e,2,0,0,0
4ea9629a-51bd-4c22-8bd9-df952783b702,1,0,0,0
4eb51526-190f-4c60-91c3-bc9b6df1c3d7,1,0,0,0
4edec311-7f39-465b-b6f7-751cc6b3bb95,1,0,0,0
4ef8cc89-0712-47fa-8bbb-3e45331e9b63,4,0,2,0
4efcf95f-193f-439c-8c34-97b1b392a50f,1,0,0,0
4f0d50cd-928d-4fc7-909f-7c570eff839f,2,0,0,0
4f37c1a9-bc0c-491f-9dcc-25f9fa5b9d52,2,0,0,0
4fc18a70-ac5d-43b3-8255-560f1eb4e2fa,0,0,0,11
4fef1bc1-de64-4681-b38b-dea9529c5543,2,0,0,0
4ff54ee1-e500-4cb4-a3a0-402c49674a73,2,0,2,0
4ff73202-597a-423e-8d76-2416ab9a9f20,0,0,0,11
5030e4e5-677d-45e8-9114-261a3e1407c7,2,0,0,0
50421cf4-06a0-4156-901f-2b9d55aa168d,3,0,2,0
506a6043-7ed1-4158-9ebe-50862d0f9d0c,3,0,2,0
50b58017-7ded-416e-bc80-e88726fad824,1,0,0,0
50b81218-2fdc-42a5-ab40-f2a5fe174f72,2,0,0,0
50d55aef-df39-42f4-8b98-57374d089836,2,0,0,0
50ffab98-eeb1-4ae8-b0a8-dac05c76f8b4,2,0,0,0
51452458-d59f-4e1b-a0ec-f073a72f129b,1,0,0,0
516a2e74-e36c-449d-9440-d085dee52266,1,0,0,0
5183508f-4e11-4589-849c-f3b200779ed4,2,0,0,0
51b459ea-86e1-4720-809c-7bcb6d263734,2,0,0,0
51db5213-5209-47a9-9564-e0ce24b202e6,3,0,1,0
51ea69bd-7788-416a-b9b1-123076952401,1,0,0,0
52920c21-66f4-4a15-b8ee-312eb86adad1,3,0,3,0
52d89100-16fc-4a0e-a03d-fa138d1e3535,2,0,2,0
52f53ea1-f5e3-4aa3-81eb-58dbd645b882,2,0,2,0
535ad8df-dd42-4abd-b10a-b0acffd4bbd3,1,0,0,0
537e1b19-1acd-42da-8bd9-6c5423ade060,1,0,0,0
53b1f56a-af89-48de-897d-e1819504c5b0,0,0,0,10
544be960-b87d-425d-a6ac-7a6fd458667f,1,0,0,0
54e22f6d-eeda-4cd0-ab96-83ebcea216ab,2,0,2,0
5574464e-6b36-4353-b5bb-3b91f0280db0,2,0,0,0
5664e984-ced7-4a9c-b5a0-f96e68d30e31,1,0,0,0
56d1cf1b-c61e-4ca0-83aa-db4204856bd8,1,0,0,0
57262943-8cd4-47e0-a839-e7d0ae9a84e6,2,0,0,0
5772efca-7048-44fa-9834-f167d34d2635,1,0,0,0
57bb891c-ab86-4314-8d57-6ade33d9ed98,2,0,0,0
5804b6c7-7850-4150-9347-fb872b9fea26,4,0,2,0
58111448-114b-4489-b9d1-aad04fc0afbe,2,0,0,0
5837c43f-e44a-4541-af9b-e51afe321848,2,0,0,0
583f90cb-e66c-41f3-a030-b3f3b3bca8b0,4,0,2,0
5889763b-c936-4a92-ad47-84e400969684,1,0,0,0
58d23d63-e065-422b-a7d1-ec1f2ff8bf8f,0,0,0,10
5913d795-de52-449d-bc69-5e459938d5af,1,0,0,0
592c4841-77ac-44b2-97f8-ce49efbef7bb,1,0,0,0
592d5811-b549-4576-91e3-0eaf72143019,2,0,2,0
595d8329-5789-498e-ba1e-e7a90c2ae14d,1,0,0,0
59d32021-bde0-433f-9b7b-5c368078e5d0,1,0,0,0
59d521a2-dd1b-4b85-9ea5-624d48fac641,0,0,0,10
59eb2be3-a47c-4b83-b416-3b4195d6bfa3,2,0,2,0
5a23a901-cfb2-4f93-ad8f-a770a1e5fd7f,2,0,0,0
5a5c47a2-d139-4b0e-9517-a9cac867f968,1,0,0,0
5a83a52e-f316-4a2b-82f6-de864ec786df,1,0,0,0
5ab2b6a3-ccd2-4e82-b371-64bde62f8c4f,1,0,0,0
5ac17e1c-1e4d-4577-a994-a4873d5ac12d,2,0,0,0
5b04bfe3-0d47-4cf7-abab-37617277ea4a,1,0,0,0
5b28540e-c1dd-4791-8b87-c2b17d7f1808,4,0,3,9
5b2933c5-3892-4cb9-b430-0d75c45cfc10,2,0,0,0
5b3c73da-45d0-4951-8f24-af72507cafdf,2,0,2,0
5b497941-be7c-4b68-a360-51c074882b74,1,0,0,0
5b89d38e-650d-4465-b852-1946e2ff9e90,2,0,2,0
5b8afde9-700c-457b-8f9d-b05462f6f2f3,1,0,0,0
5bb54362-a8df-47b8-b04f-b247138ae040,2,0,0,0
5bf515d1-24ac-40ed-8da2-03cb9c74958b,2,0,0,10
5c06e565-d678-4cce-b6ea-fd09eece2854,1,0,1,0
5c5542c6-7df7-4eb3-b905-e859cf31ff1a,3,0,3,0
5c621f48-937a-4fd2-8262-00b9378926a9,0,0,0,11
5cb2c2b9-5f54-4a15-a404-fa4095026b83,2,0,2,0
5cb8502b-7138-4bff-857f-f67802eaf0b2,2,0,0,0
5ccdb84a-2cf6-4097-bd5a-dfea6119c8af,1,0,0,0
5d4b2061-6d26-42ca-b62c-c09000523177,0,0,0,10
5d4fef1b-067e-474a-8916-b0bdcc0d3e74,0,0,0,10
5d547fcf-6738-4d9d-9530-c15520510d1e,2,0,0,0
5d6081a6-aae8-4cb1-b56a-05a30e8214ea,2,0,0,0
5d8cf6fa-dcbc-4628-b2ac-e1771fb07a71,1,0,0,0
5db3b990-3915-4494-b86d-2a36b37146f4,2,0,2,0
5db5d9b9-6411-42b8-b48d-77ae737d1d0e,1,0,0,0
5dc275ab-3cbf-44e7-a3e5-92da76238bae,2,0,0,0
5df68060-ec49-4b24-8084-00e7aca142e2,1,0,0,0
5ec59f1d-7326-4174-a471-771486f66a59,2,0,0,9
5ee67464-a649-4145-a014-24db09967761,1,0,0,0
5f0a3730-aa05-42a1-9568-3fea8116bf31,1,0,0,0
5f89a6ba-6841-48b8-bfe3-5f14b9f0b776,1,0,0,0
5fa86be9-3cd7-412c-be68-10d8e95d944a,2,0,0,0
5fd8d39b-11ba-4be1-b20b-d20ca10ad7ca,2,0,0,0
5fe33d9a-20a0-457a-95c4-ed8c74a76447,1,0,0,0
5ff1e107-6265-4282-bada-724ae11988dd,2,0,0,0
5ff2ee44-77a9-49da-8081-253e90d5b860,1,0,1,0
600287e9-577b-426e-8e98-1c44d7a27855,2,0,0,0
6058ad50-f61e-42af-b0ac-e3863a3855c7,1,0,1,0
6059b1a0-2a08-414f-9729-56bd8a1b93f1,2,0,0,0
605ed6c1-6275-4c42-82b5-b9c88ff15096,0,0,0,9
60687029-70e3-4580-a16e-9a5babfe9e04,1,0,0,0
609c9a5a-6230-4b2f-88bb-09ac7dddd265,2,0,0,0
60c01885-c983-4fc7-af77-c828c62d532d,1,0,0,0
60e70002-96c4-4a36-92fb-884008b371b6,2,0,0,0
61649ac8-1ac1-43b0-b1a0-16296b5c6344,3,0,3,0
61a96ed5-5e91-4468-9625-7bc942a12d57,1,0,1,0
61bc81f3-2297-4613-b68b-aa3df008e4ae,2,0,0,0
61ff4c61-c510-40b6-a449-0e23f5b3d307,1,0,0,0
62006c09-4665-4cb2-a085-c9131a1795f4,1,0,0,0
6203c9d8-d8a2-4863-ace5-06d658b45bf3,2,0,0,0
62185d7f-b5f3-44c6-923c-2f83eee23e2e,0,0,0,10
624743a2-80f1-4c47-89d7-105244d1cb07,2,0,0,0
625c2467-ccbc-48b5-891c-63a9513b511f,2,0,0,0
628730d8-98d7-4d17-b71c-0d9294069236,2,0,2,0
62900712-bdfb-4c24-bafd-1c1b04c928d2,1,0,0,0
631476d3-13b5-4d43-8414-23738ad81c10,1,0,0,0
6330586d-4c88-4917-90ef-32dd0cd4c39c,1,0,0,0
63475026-0632-48dd-9895-0ee2633ec8a3,1,0,0,0
63ed4d26-3cd1-4c11-927f-3b2b4e6eb809,0,0,0,9
6414da86-3e65-4fad-8f61-e5fb4446ab2d,1,0,0,0
644620d9-6095-4af2-9128-e308c4496efe,1,0,0,0
6461e412-a1a0-46cd-8e35-d27af58a908d,1,0,0,0
647340c6-31d4-41aa-9256-8659e6bf517f,0,0,0,9
64777883-7e5e-499d-ab00-37d6a2ea4b4f,2,0,2,0
64c0acbf-2033-4552-8bdc-835b595274ed,1,0,0,0
64cb6f12-8df2-483c-b794-194daca394fa,1,0,0,10
651c281e-d112-4e67-907a-545fc311d7a9,1,0,0,0
659f4344-e06f-4390-8800-04ec883b069b,2,0,0,0
65c62936-b45d-4f99-bff2-fe63563d618e,1,0,0,0
66298dd4-c1f5-4ac5-b904-84c421d61df6,2,0,2,0
66425f22-2554-480f-bd33-277c88bce846,1,0,0,11
665c5ac1-b349-4086-b913-09fb3c33a7a5,4,0,2,0
66923e7a-3f8d-4dd3-8dc8-6415ae25e4d2,1,0,0,0
66e17750-212e-4a6f-849c-af541e4f3c69,2,0,2,0
6704385e-a184-464a-8ffe-0230d353e68a,2,0,0,0
67608e2e-0d6d-4f0f-8e77-e4b65b8274f8,3,0,2,9
67e1d30a-7adc-4e5c-b239-426ed734ba4d,1,0,0,0
6814daa2-9afd-482a-a0a5-3824aff65f60,1,0,0,0
6838177e-07ec-4cde-9e2d-a0fbebfc284d,2,0,0,9
683b7cbb-83c6-4efb-819e-6b2c5fc7e62d,0,0,0,9
68ebae7e-bcdd-43ee-bc59-ddf3788b300c,2,0,0,0
68fb1b42-fa86-4cf6-aad9-ec8caf471e02,2,0,0,0
693a1610-afb1-4201-954e-50e1a113bf62,1,0,0,0
69679061-0657-4af4-9284-75848f7b3cf2,1,0,0,0
696ad1e4-f6a9-4f0e-8a64-1ada5aea7b70,1,0,0,0
698229db-3521-44a2-84fa-bab55b5b3b95,2,0,0,0
698f8780-39f7-411e-be00-0cdfc431e0ed,4,0,2,0
69a08df4-b6cf-4e1f-ac87-fc88aa4670b4,2,0,2,0
69a72aef-013d-432b-8aa7-b66f02af8263,1,0,0,0
69b684a7-5c2f-42e3-a476-0a0bd910e7d3,2,0,0,0
6ac0c333-d3dc-4522-9be8-7dfab4baa6c7,1,0,0,0
6aed2f2f-402b-49f9-945c-f0f525f4d2ff,2,0,0,0
6b2a4938-6e29-4701-b9e5-d03538179151,2,0,0,0
6b607348-4bef-40fb-8dbc-d07c9c1e1f89,1,0,0,0
6b7c3e7e-8d53-402c-89a2-ff46b4e5f682,1,0,0,0
6b9dc556-6a90-48f1-9edb-431c82163301,1,0,0,0
6bd27e4a-3e6d-4702-ad22-efc698a142db,1,0,0,0
6c5c2a64-934a-4c51-a0ef-f9ececea2b77,2,0,0,0
6cbc6c18-1cf9-4598-975f-0745398a21c4,2,0,0,0
6cc13f8c-a1c4-4694-8921-48f2ba9eae98,1,0,0,0
6cc9dab2-7e49-4447-bfc6-9b5ed6bf31d6,1,0,0,0
6d0d8aac-a5f9-496b-a4d0-862f9a33cf49,2,0,0,0
6d7d22f4-0953-4e5a-8781-c095d3bb87e4,0,0,0,10
6da0ccb5-7b30-4859-9a45-70545a27926b,4,0,2,0
6da5cde7-4f02-487b-9969-390aea953f11,2,0,0,0
6da951f3-f180-4a8e-ae7d-881239d4a95d,1,0,0,0
6db2f82f-5a24-4e9d-8f3a-f02eb73d143e,1,0,0,0
6dc38b9e-6174-4d15-bd03-ad26dcc64c83,1,0,1,0
6df3b752-68b2-49d9-a99c-707da0d2c401,2,0,2,0
6e0171a8-ba33-49a8-bb3c-0980d164b4b6,2,0,2,0
6e420bc6-63a8-4a73-91b9-0f814e778de7,4,0,3,0
6e6eb475-15b2-4ec4-80b9-9212b9bf21ee,2,0,0,0
6e8e3421-b805-453a-800d-0bcf4f79ec61,2,0,0,0
6e972c1c-0fd2-40f6-b7de-ee7b6de83eda,2,0,2,0
6f0c36c4-c97a-4d18-8271-20a70bdd7d94,2,0,0,0
6f7649d0-a1f4-4b83-8074-1d4cdcabae5e,1,0,1,0
6f8456f4-efcd-4d50-9cc1-23d3a5735502,1,0,0,0
6fb59333-1971-4d51-bf34-886c82f03446,1,0,1,0
6fb8bd09-3f33-4e58-848b-828db8458dc5,1,0,0,0
6ffc1df5-583c-48d0-b4d2-900b10938279,0,0,0,10
700e7a01-2496-4c9c-b517-31cadbdc0883,3,0,3,0
70742c4a-0392-4995-a0b2-1c6523cb9b1d,0,0,0,10
707d5c35-cfc6-4581-ba78-eccae5b0abbe,2,0,0,0
70860f0f-070d-44e8-bb4b-0b1b87671520,2,0,2,0
70995667-3204-4eb6-88da-dddf4cf3a1d3,1,0,0,0
70b05636-9785-4ef9-8a2a-323c9c535ffd,0,0,0,11
70dd7c0d-f68f-4745-ae41-f6dadca7a4c2,2,0,2,0
70f77224-8952-4eb7-b0fc-9699a674da18,2,0,0,0
70f82d07-574c-4600-8e3a-a788481205eb,1,0,0,0
71234eed-f14b-4aa9-a2f6-542bf73982d0,1,0,0,0
71794b8d-7909-4f48-857e-057dce6ef40f,1,0,0,0
718b5a6b-772c-42ea-8b83-23483c3e2343,2,0,0,0
71aeada1-604a-43af-a658-d7142f1c3de0,2,0,0,0
71cbb3ca-1b08-4843-8f77-ec53ab42888c,1,0,0,0
721fed6f-0fd1-4ece-8230-25d51bd70fc5,0,0,0,9
725f788d-5f46-4747-8f2f-1aea88d11492,2,0,0,0
725fa25a-eb68-49d9-aee9-51fd407e9a67,2,0,0,9
72790549-2082-4c31-ae01-9d5496a34484,2,0,0,0
72e50bc5-ed98-4aa4-9b27-80e934c25ab5,1,0,0,0
72ee21a1-7c61-490b-9e26-81475d7511a3,2,0,0,0
72f445c2-a096-4658-84c2-4d177478fe91,2,0,0,0
72f5f321-2a4b-49cb-8502-49e5f8f98753,1,0,0,0
72f844d2-2a6a-485f-979c-ea3698ac71e3,2,0,0,0
73cc8066-e07f-40c8-b47c-a58ac23d4b2c,1,0,0,0
7447042a-a4a1-42c3-9757-45eb204225e4,1,0,0,0
745fd475-2d25-4cbf-b30b-f2419d74c942,1,0,0,0
748457b6-5940-448f-a395-dafca76bc14f,2,0,2,0
74a5a890-268f-41e2-a13f-36d96c832733,2,0,0,0
7524c8c5-47fa-47e8-b76f-1ee3fca1cf40,1,0,0,0
7537e29f-3fc7-4df0-b4a5-98b0a33b6376,1,0,0,0
7574e645-ed8f-42fc-bbb3-3c4546a91c9d,1,0,1,0
75ba06de-7a1e-4b88-a347-574effcbf992,1,0,0,0
75c1e741-6444-4d60-acf3-34715d43cf7a,2,0,0,0
7601c2a7-ec38-4541-918f-3ab7569d1b3e,1,0,0,0
76183d3c-7796-4f4c-a93f-7f7e92de8d69,3,0,3,0
763d263c-89e0-4c0b-9a42-9de3fbad8920,2,0,2,0
764da017-baa8-44a4-981e-1298206556dd,2,0,2,0
768e5be2-09e9-45ba-821f-4ed5f0d9f4ed,2,0,0,0
76bb6eab-d831-423e-b3fe-d252ed3d36d6,0,0,0,11
76d3b438-8834-4408-8dd4-01b89c3c8266,2,0,0,0
7748f618-4508-48b3-9fc1-707d9d8a369f,2,0,0,0
7771c64d-1992-446d-8fe9-45d74cca3e51,0,0,0,10
783a68e3-5558-4d34-bd6e-c04bf1cef04e,1,0,0,0
783fd95e-589f-4787-891d-f5f753c5d36d,2,0,0,0
7856f3f4-bbbf-49a8-bcc4-53f861cfcc99,1,0,0,0
787a44ae-c53a-4814-ba28-ef484291c51a,1,0,0,0
7897fa09-158c-4350-971a-1c0e7db8e8cc,1,0,0,0
789ae1f7-555d-4945-bcbd-b11e54a54ad7,1,0,0,0
789b8901-1d38-45f2-a496-3b5be9801961,2,0,0,0
78cc240e-0aa3-46c5-bced-0376225a60be,1,0,0,0
78d0eb75-1c89-4bda-8983-af0383fb8da1,2,0,0,0
78f91786-8847-425c-a551-515975adbc47,2,0,0,0
78fb6a55-5236-40fc-80cd-46c4bae6b3b9,2,0,0,0
790518c5-5b09-405c-8949-5e499e69d158,1,0,0,0
79096d9f-be6e-455c-91a2-4304efb3377a,1,0,0,0
794cf05d-92d7-46d9-893f-25af04dc157a,2,0,0,0
79cc7881-d118-4627-91a8-0091c01e90d7,1,0,0,0
7a049186-aadb-44b5-9176-e86b63b0246f,1,0,0,0
7a49168a-03e5-43a1-9a82-83d81ea47a67,2,0,2,0
7a4b0c9b-db9c-4d92-831f-a8ded54d4157,1,0,0,0
7a505660-81ea-4feb-9d65-abeb70017c1b,2,0,2,11
7a5c2fb7-3179-4322-a09b-8197bad3e860,2,0,0,0
7a9f099c-2605-44f3-b4ed-13afa16fc120,1,0,0,0
7ada97d1-fad2-4061-b6bb-6d941b54502e,1,0,0,0
7c0d5e54-0cdc-4b4c-9a7a-bbe64b8440fc,1,0,1,0
7c3e2ebf-1c8e-4257-93c8-dec52a5f1ae2,1,0,0,0
7c70c934-7f24-4ce7-810b-c349df59f686,1,0,0,0
7c9e7c20-ddcc-4146-887a-ad07ea3dcfea,0,0,0,11
7cb8f301-9b53-473d-af72-0f32d52fb578,2,0,0,0
7cfe3457-119f-4222-8b9b-e19d411b04d9,2,0,0,0
7d1e834c-c897-41fe-8f0f-24f581a56763,1,0,0,0
7d34f0a9-11fb-4255-8891-2c0d98d10895,2,0,0,0
7d372f2b-c66f-4d43-897b-11e7b5d22780,1,0,0,0
7d6802ac-b3d4-4402-af82-86c49e607ad4,3,0,2,0
7db2dddf-2fa7-4c1f-9357-10aac5cc8d46,2,0,0,0
7dd90b10-a5d5-4597-9861-bddcbe66d08e,1,0,0,0
7e1218ac-37f4-45f6-aba5-ffad9e700a18,1,0,0,0
7e3af830-3fe9-4f34-adb0-6b20e5ec0714,1,0,0,0
7e819cae-eb0a-4cb6-ac98-235d1f0c834f,1,0,0,0
7ee737c9-1a79-4d09-8483-3cb054f240eb,2,0,0,11
7fa1bf15-a09b-4823-96b6-07bb6affd6ae,1,0,0,0
7fc79462-38dd-4206-84c9-164e1fd9c0aa,3,0,3,0
8081ae7f-2e96-4966-8b03-7ae8703d536e,2,0,0,0
80875ea4-bff7-47fe-9d43-178d5764f3a8,1,0,0,0
8098bbf5-c44c-4403-a53c-82a58356291a,0,0,0,11
8169bcef-3f6a-46a0-8608-e05e0f432a0b,1,0,0,0
81b29c79-e198-42c7-93b1-80f318037e36,1,0,0,0
81b552d6-dda5-4640-b435-4270d0deb935,2,0,0,0
81e90250-944f-4640-9ccd-cc131b8288e6,0,0,0,10
81fd644d-75c0-4d1b-99f7-d5172e504b79,2,0,0,0
824ef02f-53c1-4b9a-a572-ba16460dd6b8,1,0,0,10
828f90a9-6dcd-4576-91cd-2fc94edf8922,1,0,0,0
82940315-06f4-409d-abd3-fb501b8a8e17,1,0,0,0
829a33fb-7838-485e-a74f-63625d0783ab,1,0,0,0
82e26ea0-725b-4c1f-be3e-4d234fdf72df,2,0,1,0
82fbfed3-27f6-4813-ac6c-dfaaf23690de,0,0,0,11
833baf95-b8e1-493f-8914-3998c67f2bb6,1,0,0,0
83530947-8d09-4d90-b93e-efd99fac01ca,2,0,0,0
835b3c42-8c32-4afb-bf6b-e5497d7bb404,1,0,0,0
83be1d15-7ebb-4a78-9645-001bd721bc83,4,0,2,0
83e07938-a1c5-4af3-85d9-a02dc2430428,1,0,0,0
841b952a-83e6-4eff-8619-9bc7c2b18186,1,0,0,0
84539a72-f26d-4e47-8271-db3b0370bfa5,1,0,0,0
84af06da-954f-4091-8fad-5a6fcdd08654,2,0,0,0
856bdfdf-a2cc-4a31-b8c9-e4c85bf4657a,1,0,0,0
85b816af-5345-4c33-801f-fad2c461a5ff,2,0,0,0
85c315d3-07e3-4b2f-9f23-90f749aaebdb,0,0,0,10
862676e5-3454-4902-be44-f511c560678e,2,0,0,0
8687cf6d-b316-49da-80ca-59b848e248bd,2,0,2,0
86957674-62d1-4dab-8fc6-203eadbe191e,2,0,0,0
869d47a5-4bc8-4cee-832f-2ad3b17ef525,2,0,0,0
86a1aeb2-d468-48dd-8dbd-0d06748971f5,1,0,0,0
86a23916-8103-4836-8be4-afd99b0420d3,2,0,2,0
86a46be5-045e-422c-bc72-2f09ba4497cd,1,0,0,0
8711bff8-c7a7-46b4-8e2f-e0c221c9eff1,1,0,0,0
8714430b-7f30-46e3-b123-71dfede92e15,1,0,0,0
872b8c5e-162c-4075-a582-76f3ca0975e7,1,0,0,0
87364fce-ab4c-41f2-aaed-b6bcc045dfc0,2,0,0,0
8750c3fc-c81d-4def-a141-78377cb2577c,2,0,2,0
87b73902-2035-474c-875e-2cb7a96f7e32,2,0,0,0
87df758f-0019-44a4-a7ea-3364b5b18a0d,1,0,0,0
881bc3ed-d41c-4f53-a68a-d943823ba66a,1,0,0,0
882b32b4-bda4-4f3e-8f0e-06a35a315006,2,0,0,0
8866374f-80f4-4fb2-80a7-2dc1e57099a7,4,0,2,0
8891d6a5-dc08-40b8-986a-8664ba824e2c,2,0,0,0
889a4070-a6e3-4777-86c2-809b149396ae,0,0,0,9
88b19f65-5487-41f4-85b6-bb8748d2903b,2,0,0,0
88d2fc61-eb90-48f2-a6dd-cc3fe37f1b49,1,0,0,11
88e194d2-5957-4029-9a64-0c695783fc40,2,0,0,0
88ff7a98-c217-4a82-a6ee-01a0564cb7ae,1,0,0,0
89076c29-ecdc-431d-9fda-dad8ecf651e4,2,0,2,0
891d7cd3-8725-43b0-83b6-8d44f09ce769,1,0,0,0
89449f1e-dea7-472b-bb3e-e25cee82f19f,2,0,2,10
89f943ff-178e-4671-bd4b-0b2c106fc842,1,0,0,0
8a6023a5-2038-448e-b38f-02e59d50473e,2,0,2,0
8a6473b2-921b-4ee9-9fec-a7a1d038c193,1,0,0,0
8a6f32aa-8041-4f93-9d02-8b93fa208add,2,0,0,0
8a8b55b0-83ce-4a9b-9c24-3e5a46cf28cf,1,0,0,0
8aac120c-57aa-426c-ba8f-ef5c416f723f,1,0,0,0
8aeb16d1-57fa-4d10-9073-0eb811f53f99,1,0,0,0
8afd3c90-ba07-4cf2-8ffd-91a974b344bb,0,0,0,11
8b650a29-42db-459e-8199-c6e86842460d,1,0,0,0
8be3264e-21eb-45b0-a53a-01061245466f,1,0,1,0
8c34c4fe-910b-4bc1-ac2c-068364abb1a0,1,0,0,0
8c5250b1-67b1-40a8-a026-4b673b8b32d4,1,0,0,11
8c6973f3-4875-478e-9c27-51a96c2bd222,2,0,0,0
8c9a2b24-f601-4f1c-b643-b0ffe34ceadd,3,0,3,0
8c9afab7-397a-48ef-ad21-d5ce941f02f1,1,0,0,0
8cdb1b9d-9432-4e26-a94a-c5c663760b3b,2,0,0,0
8cfb19a5-0314-48a2-b336-5d7e1b0a9fbe,2,0,1,9
8d068211-07fe-402c-bf38-9a91bd141c5d,2,0,2,0
8d0cab16-7916-47d3-bf99-4c4aede2b3b9,2,0,0,0
8d4ecce5-ea0b-4187-869c-752e1dbf6dbe,1,0,0,0
8d54edb3-7fcb-4f30-b99d-f1725a95a7ed,1,0,0,0
8dd94632-ac66-4cfb-a135-c9dccce293e1,2,0,0,0
8e52f319-5678-4710-8402-605a5484e247,2,0,2,0
8e673403-0cdf-46cc-9177-29c50a40120e,1,0,0,0
8e84b072-f916-4ad1-af4e-be5842cc09d9,0,0,0,11
8e85e5bf-4619-4a5d-bdac-14d53d1d0e23,1,0,0,0
8e9d692a-25d6-4fdb-a399-7095edc4487d,2,0,0,0
8e9fbd84-6cdd-4bd6-91bc-77aa0ee7adc6,2,0,0,0
8eb65227-168f-403b-9ec1-386d84129a48,1,0,0,0
8efe537f-1387-4984-bcbb-f2c9e0eeea48,1,0,0,0
8f3580b0-ca0a-4cdf-b9a7-f2a3a5be80db,2,0,0,0
8f457257-9d82-4a24-9b79-07e737b9178e,2,0,0,0
8fc795bc-14ec-490c-82c4-f501c8bbd076,1,0,0,0
8fd2e5b3-ff5c-4d26-b4bb-0ebe92bae92a,1,0,0,0
901e4964-736a-4b9d-b348-577933fd9f42,2,0,0,0
907c0c76-296e-4d27-a1d6-a3dd4e5bc3f6,0,0,0,9
90ababa2-b850-4b11-9bf5-1afef1742cf5,1,0,0,0
90b226ae-936d-4486-928f-341c1d2aebf5,1,0,0,0
910631e1-892f-48b3-8ac6-d46826503e16,0,0,0,9
91148f05-29df-48a3-a8ef-f6dfba8584ed,1,0,0,0
9157a98c-2dfe-475d-8b5f-6f41656cee2a,2,0,0,0
916417a3-3f60-4a4c-a64e-856b2f159f70,2,0,0,0
9168e264-9b20-4a76-9dad-08369c008d30,1,0,0,0
920c1752-d93e-40c7-b7ea-602145f6664a,2,0,2,0
922d1173-ec2d-4f77-a67d-0da5f35a85ae,2,0,0,0
925cd358-0da8-42b5-98c8-b30adeeb9776,1,0,0,0
9274e59b-9ea8-451e-8527-6bb92abc6e21,1,0,0,0
9285c7bb-e173-4d38-a810-a4f233b5481d,1,0,0,0
92a4143d-7a21-4f24-bd4f-4a36015b56f2,1,0,1,0
92f13d75-2930-442d-a343-4c1aa87265d5,1,0,0,0
934c50ff-ce0a-43c5-b8f2-b63dc167a46f,1,0,0,0
93588899-78f6-4a02-b1fe-e4e67660e3f1,2,0,0,0
93640e0a-cc54-4353-bac9-7b59e4f30490,0,0,0,11
936dc168-af1f-47b6-9810-a2c85ffbdacf,2,0,0,0
93c0881d-a6fa-4852-8bae-91da123ee11d,2,0,0,0
93ca6b38-a5a2-4d3c-8970-709207461e79,1,0,0,0
93cac0c7-3ede-49c0-9121-5be1f609ba14,1,0,0,0
93edac39-f8e8-4e9c-9e30-46b215f67602,3,0,3,0
94109b15-1fec-4d9b-9095-076107f2f9ac,1,0,0,0
946b5ad2-5f58-4062-be29-de9789d2ba0d,2,0,0,0
9475b4fd-06f3-4625-a1e8-9013af83e5f4,1,0,0,0
94ed8137-392d-4221-9b11-425afd4031eb,1,0,0,0
95323f91-00c1-480a-ad5a-e58f2dab8fe1,1,0,0,0
95651207-4a45-4101-b707-b99dea76f229,2,0,0,0
956c3491-aa3d-4631-96ad-222a676ea6f0,1,0,0,0
9590bee0-036f-4920-b9b5-86006e46524c,2,0,0,0
95cd5b1a-cd25-4e2c-bc2f-82885071f65d,2,0,0,0
9606d76c-0f9e-4560-b28e-24558b7d291f,1,0,0,11
961488ef-3947-4ee6-a50e-b88ad2d79f60,2,0,0,0
962ae397-4370-48ad-a036-ecf738335fbb,0,0,0,9
96448eb7-1505-4078-a92b-b3deb159fca0,2,0,0,0
9667f0ce-95e7-4985-a9be-8985d32a8c3b,1,0,1,0
966fdfcf-16c1-47c7-adda-82263913269c,1,0,0,0
9692c20a-2d2a-4bed-ba1a-06819cccd715,2,0,2,0
9695c990-982b-43dc-bd16-c2f116fa939b,0,0,0,11
96999341-f8fa-47a4-9c1e-f820ac5dd243,0,0,0,9
96f54276-78ed-49ce-b73d-53119a595e7c,2,0,2,0
96fd114b-0a1f-4c0e-88ef-09a52e394c49,2,0,0,0
97136c31-8b92-47d6-9ac7-39c3df1dc2b2,2,0,0,0
977c6f7f-5278-4714-af9d-02242846f2a2,0,0,0,11
984dcefc-0b09-42ea-8f87-d3a26e75634c,2,0,2,0
987febed-4451-4b7a-bd74-be8b7f02983b,3,0,2,0
98821caa-6d85-4cae-badc-7375ccc87d2e,2,0,0,0
98aa7447-fea9-4047-a99f-4b110f8559f1,1,0,0,11
98d61bd7-394c-4539-ae8e-826aad1fef59,0,0,0,11
99d8e03f-5924-483e-a6a1-26cecdca9fb4,1,0,0,0
99db8a53-e11b-4727-9825-7d2fa1c6a0a3,0,0,0,9
9a2ad0c9-6c91-4f70-82f9-f3eeaa214bb4,2,0,0,0
9a6fdedd-4da2-46f6-b07d-5bf3cdf27c63,2,0,0,0
9a747556-b161-46f2-bd73-cf540629515e,1,0,0,0
9a8ccc28-08bd-4862-8f81-dceb27bd5938,1,0,0,0
9a993b28-2fd0-455d-b180-c6be6639483a,2,0,0,0
9aa3f454-73fc-4a41-a9a5-602a2ac0e16e,2,0,0,0
9ab1fbde-f27d-445d-b9db-4b805fdd5cbe,1,0,0,0
9ad828e7-1609-4c12-859d-eb33fab337c9,1,0,0,0
9b11a0b5-2cde-44e7-9437-41e11af6cc43,1,0,1,0
9b1de80c-7a5e-4330-9043-60bcc257b1e9,1,0,0,0
9b22373e-356f-49b3-8d04-bd3ec06fa5fc,0,0,0,11
9b79a366-5892-4301-9222-a5428920e206,1,0,0,0
9ba10d8a-8378-4360-9b89-775c14517d7e,1,0,0,0
9bda46a0-e0da-4ce4-9edd-731271f3241d,2,0,0,0
9c5b82fe-9ff1-402a-ac3d-024018d2deb1,1,0,0,0
9c65c52d-2bc6-4d9e-a17a-09de0a5a8696,2,0,0,0
9c6c52c6-ac91-4256-a5bf-96cb7d9621c0,1,0,1,0
9cac0ef0-a6c5-4ae9-af59-8fed66a9b2ad,0,0,0,10
9cb4cc1e-f6ff-4f14-b250-c34f99020a63,2,0,0,0
9cd5e1aa-14c7-4685-8894-dd988a76b592,0,0,0,9
9cf7c8cd-1764-4a52-900b-24e3993f24d7,1,0,0,0
9d3f38b0-67c9-4396-a71e-4124515931e7,1,0,0,0
9d474288-ad6e-493a-ad58-c2ebe82eb6ba,1,0,0,0
9dadf3af-d312-49ea-abbf-2c8c4f977f84,2,0,0,0
9e126dd3-b149-4312-8ca4-212fc97eb2a2,2,0,0,0
9e762f93-e3c1-4d6d-b8ad-cd18a50cb0be,0,0,0,11
9e920f10-6d5f-4497-aee1-e6f2246b458a,0,0,0,11
9ed9a834-968a-4447-895f-58efb9201b4e,1,0,0,0
9edddba9-bf42-443a-9cce-939f2944d7fc,2,0,2,0
9f26c7aa-44b9-49dc-9de1-35e5f66a0e3d,0,0,0,11
9fed1936-1ff4-4672-95d2-f00555154729,2,0,0,0
a048d464-abf2-4306-a86c-e1eebfce3fea,0,0,0,10
a0f17757-6417-429b-8922-f9a6e84f5bdf,2,0,0,0
a0f61066-c71b-440b-a9d6-903bbe625f8c,1,0,0,0
a1028417-f267-4e58-9b10-2256510bacc8,1,0,1,0
a1a1a4f3-38c5-4262-80ee-65a815be72ef,0,0,0,11
a1be6552-dbe4-49fb-99de-9d789e347bae,2,0,0,0
a1d25edf-69b7-4808-8552-a24059a84676,2,0,0,0
a206c40f-c4f9-42fc-bee8-393afdb69150,1,0,0,0
a282514f-1c3a-49ba-95ac-7069e04ca9c7,1,0,0,0
a29eb42b-9079-4a1d-b39a-2173aae3840a,1,0,0,0
a2a26b49-a85b-4301-8974-cf008240b944,1,0,0,11
a2c64acb-76d3-4058-bb25-e75520069c64,1,0,0,0
a2cec6f9-a108-4128-a577-e8610d276d32,0,0,0,11
a2e1e246-1c4c-4e28-a271-7c2b0a060d9a,1,0,0,0
a3359779-5b08-4b87-bace-14e0b87ebff6,1,0,0,0
a37c786b-ff5c-44a1-aadc-f90d4d048fa6,1,0,0,0
a3ac7d35-0d7a-444b-8eaa-90ee874d7a60,1,0,0,0
a3db8ac8-bd82-4a0b-9651-240e3aad84c3,1,0,0,0
a3e75415-3940-4f57-8709-95b86ba95208,1,0,0,0
a40c2cf2-cf47-418e-bd7c-281a44ca9c08,2,0,0,0
a4359c8a-e8a4-48bd-a1c6-9362c6afa825,1,0,0,0
a43bb478-f317-4313-a71d-65768b0981df,0,0,0,9
a44474ed-b42c-4110-9e08-83bdb21a80de,0,0,0,10
a4986dc2-c431-47d3-b29f-e9af2861a87a,1,0,0,0
a4c10b56-c0d2-44f9-a5c5-155eb4c18e23,2,0,0,0
a533ef88-2d28-40ca-94d7-0860848f696d,1,0,0,0
a539cacc-5a0b-4756-91d7-ab0dba50c4ae,3,0,3,0
a53c51e5-3c1a-43c0-a323-d3f7b28cc888,5,0,3,0
a5a44e8c-9beb-4320-8523-c1191b906956,1,0,0,0
a5d2cb18-18d1-4c65-9c47-2b76de3c1bbe,2,0,0,0
a60cfe2e-0403-4479-bb38-9baf502fa5bd,1,0,0,0
a620052a-b9b1-481b-afff-8e2fb4897c91,3,0,3,0
a620a409-9c72-45dc-ba0e-fd790b89e1fc,1,0,0,0
a646caab-89c6-4702-8643-853632d75a98,0,0,0,10
a6679688-21ae-4f24-88f2-710c169cdba7,2,0,0,0
a68d7520-f4d0-471a-8405-05d7382b6ede,0,0,0,11
a6f7a117-bf6b-46a4-aa38-5b5d499c0ffb,1,0,0,0
a75cd85b-af92-4f5e-a6e0-263f6219516f,1,0,0,9
a767b265-4f56-4b12-b811-7b966c0b68f6,4,0,2,0
a78c3fe4-fef5-4084-aac0-a58c78ab6a40,3,0,3,0
a7dad16f-0899-4053-964a-1494ab6a9e25,1,0,1,0
a7e5071d-9283-4a92-aad1-c494799a5af2,1,0,0,0
a7e9d2bf-1c46-41dc-b8cf-c81ee17681c1,1,0,0,0
a80bbdb4-bc7c-442f-ac1c-6f6d4abbd048,2,0,2,0
a873c0a8-ed6c-426a-bb2a-209f2d9a387c,1,0,0,0
a8d7e6dd-4621-4409-9656-7f0849077808,1,0,0,0
a8fd5cd4-fbfc-40e7-946c-7677d61cabf1,1,0,0,0
a92f33a2-7941-453a-aa53-fae952ce6179,1,0,0,0
a965191f-6b3e-450e-bfea-929ef587b10a,1,0,0,0
a9a679e7-288a-4a90-a093-bc79be968143,2,0,0,0
a9c7f2b1-2814-405d-aada-8dd5e7f0274f,2,0,0,0
a9ca10d1-290b-4d41-833b-17492bddf6e2,2,0,0,0
aa1a5a64-fc96-46c6-9f35-83914a94511f,2,0,0,0
aa9b9cfe-776f-49a0-9f12-6204d3b4c8ac,2,0,0,0
aabb9abc-2a03-4af2-ac7e-f7ceb6ae4e2c,2,0,0,0
aad5c511-4994-4b23-8cea-9caf67ca68f4,1,0,0,0
aaef10e5-b22d-437f-aca7-ade449c738b2,2,0,0,0
aaf000cc-a227-4f52-be28-51a61fb1c57a,1,0,0,0
aafbcac2-056c-47fc-9bb0-c2c343c8d0e3,2,0,0,0
ab2f2974-a222-4ccd-ae93-411743f674cb,1,0,0,0
ab352246-7aa0-42d4-b4c6-d1917c4ddab6,2,0,0,0
ab41b7af-d828-495a-a24d-a09fd216b86d,1,0,0,0
ab629eb3-f8ed-43d5-9fb2-2990464b093a,1,0,0,0
ab66ccc4-adb7-4660-bf1e-bb35b546c703,2,0,0,0
aba74321-3bb2-4776-9b35-84e21be15ad8,2,0,2,0
abacef19-41bd-454e-be49-eb4ec1f73696,0,0,0,10
abc515f5-6cbe-4a02-b977-a5775f84d09d,2,0,0,0
ac2d1144-f3ce-4599-8e3b-ead569ce403c,2,0,0,0
ac402e8a-d86d-4fd2-9783-492f11869203,2,0,0,0
ac7e248e-16b7-4c49-8ca4-376d9b0b954e,0,0,0,11
acb9cb30-dc5a-461b-b640-27c504a6b917,2,0,0,0
acdeffbd-cc68-4d36-97a4-077a03cfcb7a,1,0,0,0
ad0d4096-59ee-4e16-acc3-cf221a90c8d5,2,0,2,0
ad4a140b-350d-4eb8-aea2-8f26bf85261b,1,0,0,0
ad886513-81ea-4638-8fad-01f9b682be48,1,0,0,0
ad8edc89-1004-456e-8273-ba34efbc8648,4,0,3,0
adf46c29-ef1b-4e36-a9f6-f3f28e34ce00,2,0,0,0
ae2ce8e3-34cf-4d74-915c-afc55038f515,2,0,2,0
ae5b3ad6-f3bd-40c7-b127-f5bd5aacc217,1,0,0,0
ae6f6133-359c-46db-bb89-fc7aa7b7e574,0,0,0,9
ae737cfb-beb1-4d58-858c-dc7f477d1716,1,0,0,0
aedec0b4-ef92-406b-84bd-b34af71157ad,1,0,0,0
aefb1c42-6349-4fda-99cd-1563b9ac86fe,0,0,0,9
af07b3f4-d1d4-4dc4-9324-140e889dacdc,3,0,3,0
af29ff82-2a3c-437f-adc8-1e259a7ba048,2,0,2,0
af3a764f-d380-480d-9562-7d7ac351def4,2,0,0,0
af4171d0-f3e3-4c05-ad31-d6865c596267,4,0,2,0
af5655a6-1153-42ed-a60e-18d77b5ece63,3,0,3,0
af6bb342-e158-49ca-b300-ba257fa682c2,0,0,0,9
affca2bf-8287-40b0-be64-7b4fa5d68b93,1,0,0,0
b0214415-c526-4860-8b74-a9aa69ae31c8,1,0,0,0
b03b485b-8040-4744-8fae-cb2529d69b99,2,0,0,0
b05189af-3db0-47f5-b910-fb8b9f0fd1b5,1,0,0,0
b056981a-20e5-4fea-bafb-7c22069f88bd,3,0,3,0
b077834a-1317-4141-abae-ca0073bf80ef,1,0,0,0
b079a4b4-0f80-4e99-aa19-210c214d3691,2,0,0,0
b07e2960-dbe9-4503-9d18-23b3e6d9b57b,1,0,0,0
b08a40e5-50e0-4c47-9fe8-01ec6d9086cc,1,0,0,0
b0b7c662-c790-4b13-97ac-b297db5da490,1,0,0,0
b109bf12-c97d-43b6-90bc-5f9cc4ed8f6f,2,0,0,0
b10e17e3-f9d2-4364-b674-7693e1c3114c,0,0,0,11
b12d656d-af23-49a5-bf86-69211cc89167,1,0,0,0
b15654b0-c20a-4dc5-b1f5-87c82612b047,2,0,0,0
b16efcce-c391-4bb1-a9a8-84eb9fde9c81,2,0,0,0
b1791a04-2dd6-4920-bb19-ca30a2f15f8e,2,0,0,0
b1cd89e9-97d5-4ce2-a542-0dd9b4043fd5,2,0,2,0
b2026800-3c1e-4362-bf63-1c88bb58655c,2,0,0,0
b2529030-c1c8-4f86-8cc3-96a4f5531fc8,2,0,0,0
b279a4fd-e51e-41a2-affe-ec85ff1db61d,1,0,0,0
b2be89b9-6a7c-40e0-ae3b-b2cfc310bbc3,1,0,0,0
b2d831f4-78e7-4716-9877-9a9ff5a4af52,0,0,0,9
b32657f4-a9f0-461f-948a-e96f905c6375,1,0,0,0
b3302283-925a-4f85-a406-b6f79a22bd72,2,0,0,0
b33893ea-2f64-40d5-80a2-fb82f851238c,2,0,0,0
b340bec7-fb89-4349-bcc7-2d8e912af58c,2,0,0,0
b3a601c4-100b-4ef7-ab3b-94e8118c5d8b,0,0,0,11
b3f6f8bf-6e3a-4401-8e71-6067fe2aa3cb,1,0,0,0
b40486a6-d9e6-49ea-a0fb-0ed9ad80b9ff,1,0,0,0
b418c9fc-7233-40a4-8332-cbabad2c8cb5,2,0,0,0
b4305d0e-3ba9-4260-8153-8f431ebf216e,3,0,2,0
b44261bf-45ab-4918-ada9-91649bdb0445,2,0,0,0
b48016b7-3dbe-4400-acd4-d43613fcbfbe,2,0,0,0
b48104f5-b1a7-439c-bcb9-9b360edc4b3d,1,0,0,0
b4e0d3d5-d26f-442d-9213-35881cdebd7e,2,0,0,0
b50ba907-86c0-4f39-809a-a9a4b9782269,1,0,0,0
b51ad009-da3a-4b2a-a0b8-1e1378e69ec8,1,0,0,0
b51b804a-ebb8-4532-939c-5a90f36bad08,2,0,0,0
b53958a0-bf49-4c47-b0cb-627ca9fe4fb7,2,0,0,0
b5a15a83-77bd-45db-9bf9-863610c37163,1,0,1,0
b5acc6e4-3dd0-4adb-b816-4663045715a0,2,0,0,0
b5f03aa1-c9f1-4ce3-acfe-121ee2f219b6,2,0,0,0
b5fcea4a-13a8-4a04-a4bd-38478ad3fdf8,2,0,0,0
b628c005-6819-4701-b671-43203007eadb,2,0,2,0
b636bb11-0635-4648-95cf-bc4458d3d833,2,0,0,0
b642c807-c2e8-43ab-8a42-fb8ea0e4b4b9,2,0,0,0
b6af9297-992e-4af1-bacc-4e538d172b89,1,0,0,0
b6b5aabb-cb8a-4b80-8a5b-9ad2ddeae7a7,2,0,0,0
b6d7c2d0-c12a-4c6f-aa09-c1132ba39ccc,1,0,0,0
b6e2e82b-5e65-4189-bd44-a9422832586e,2,0,0,0
b70210a1-757f-4812-b658-52b51af64f9f,2,0,0,0
b72a0340-c94f-42f0-a3cd-a4be8906e1c8,1,0,1,0
b734d7b7-294f-4173-9854-cb1173f0e216,0,0,0,10
b756101a-30ad-400b-b1f2-2e248cef7cba,2,0,2,0
b758bc0e-4762-4df5-8d0a-b1067d953028,2,0,0,0
b768e04e-51ab-4a11-b224-c79ed2f5495f,2,0,0,0
b79b9d66-5a7a-446d-b589-9b7fdf231507,3,0,3,0
b7db0c43-439e-4d2a-916f-4c159cf47631,1,0,0,0
b7ff1b68-1a53-44be-8b87-707abdaaeac8,4,0,2,0
b86ec4d2-0fb1-4b0d-b20c-0063c81e2920,1,7,0,0
b875f054-f234-4f38-883d-da80d7b6560d,2,0,0,0
b8db8b5e-0668-4661-a13b-54f9953a189a,1,0,0,0
b8e5237d-f6e8-481b-a1da-ac1e7729fa9d,1,0,1,11
b8fe3340-f527-4ed8-a369-0da2fe8638a7,1,0,0,0
b9256829-ba38-4e53-ba7b-95e5b2d39e99,1,0,0,0
b92a4d6b-6df5-4e1e-ab39-00bc8c519332,2,0,2,0
b9b5954b-7b92-4c62-ad3e-382317cb62ba,2,0,0,0
b9bffb54-57b7-4fbc-b019-ab978b548048,1,0,0,11
b9ce5605-83e7-4a6a-8a60-134c4cbdcc10,3,0,3,11
ba499b46-a593-46c0-8cf8-45688a0ab223,1,0,0,0
ba81be6e-5291-4d9e-a659-d38ca86f2b4e,3,0,2,0
ba8cc798-345e-46f2-b115-707d2ec7cec4,2,0,0,0
bab1bac2-20f5-46e3-9233-25d85559e924,1,0,0,0
baf5ab57-9d07-4a52-887f-3e0e71aa7d6d,2,0,0,0
bb1ca7c6-ef02-47b9-a091-574382183e2b,2,0,0,0
bb1f2d10-835e-4321-8589-6ec2ed339388,2,0,0,0
bb2222c1-d710-4387-9e00-500b3217abb0,2,0,0,0
bb7601e4-2c00-469e-8cf2-38efc8957f46,1,0,0,0
bb8ad838-9f1a-42be-8f27-0c859f2e906e,1,0,0,0
bba8301e-9f2a-4eea-8b83-f84c099c38e5,1,0,0,0
bbcdc415-568a-4168-93fa-9c016e463323,1,0,0,0
bc03972b-10a9-4679-9f4b-a73e07a09f7f,1,0,0,0
bc22cd87-dab9-47be-be1f-50174b0c5828,1,0,1,0
bc2b725f-5d85-4e7a-970e-e17b4d577dbc,1,0,0,0
bc2c6d73-57c7-43d5-b225-6ad39af88fa5,2,0,0,0
bc82f85e-d4b1-40f4-96d4-83dc91baca58,2,0,0,0
bc8c3a41-cb90-4aa2-a303-8e6cfb54d5d0,2,0,2,0
bc8d6c24-6927-473f-8eef-770f2c193b90,1,0,0,0
bc8f1013-f6de-4d3d-b05d-994350cc4423,2,0,0,0
bd4af3a1-32d8-4bcd-b952-83b6f51d3093,1,0,0,0
bd69bd5d-5329-476a-ab09-0868f05413ec,1,0,1,0
bd6d4da6-d19e-4bf8-b7a3-3e1c9dd337ca,2,0,0,0
bd8a362f-655c-42db-b40b-29d72ba0e995,0,0,0,9
bda46ab7-6404-41e8-acc2-b3e9f5b2e11f,0,0,0,10
bdb7fb12-431c-458d-bbe2-bc24e8d823c4,2,0,2,0
be46637a-c8d6-48de-97a8-5403481ee7d5,0,0,0,9
be862794-0fa4-4f54-b1f3-a3313311841a,2,0,0,0
be8d3462-1df4-40d9-8d4e-afe83ede8f9e,0,0,0,11
be8e10f6-896d-4481-9519-00fd0b0ca4c2,1,0,0,0
beaea582-9d8a-48b8-a67b-041009f8511d,1,0,0,0
bec55d37-6d2e-4f3a-bf09-7f9ab2204ce1,1,0,1,0
bef15e46-e51b-47c4-9a9f-f9cb43209491,4,0,2,0
bf15f927-893a-418a-9312-dc230d636372,2,0,0,0
bf1ca2bb-9c61-40e9-8543-a191095a8231,2,0,0,0
bf35e534-2c05-40b2-91fe-70353a78ed70,2,0,0,0
bf5080ef-6600-4803-a7aa-b2543abe21c6,1,0,0,0
bf56a6e4-94ad-48a6-a5d3-9f635e9db45b,2,0,0,0
bf58ed80-dc77-4971-a122-1e2c77db9829,2,0,0,0
bfac0ef6-ec8a-4b29-9b64-854cf5b8ef5e,2,0,2,0
c057b197-ee63-46ce-8b0d-b65576bac2be,1,0,0,0
c08e1f28-ccae-4be5-9327-e9cbf5a0e4c3,1,0,0,0
c0a93cc5-ed8c-4697-8678-b939847ef122,2,0,2,0
c138f091-d754-4ab4-9b49-bc6badd8854e,2,0,2,0
c1477f8b-a23b-45c9-8d75-677891d437ca,2,0,0,0
c14cf0d6-745b-4f9b-b115-4a10f00bd9ad,1,0,1,0
c1bc6fda-24ef-4804-89ed-75a76d7e7b38,2,0,2,0
c27054d4-2642-4bbd-a767-e653cd11b0c0,2,0,2,11
c2a50677-bf38-468c-86ed-675467f09181,2,0,0,0
c2b4e235-eef8-4718-ae12-ebbd50aa0844,1,0,0,0
c3183f35-4948-46d3-b771-0ea699b664ff,1,0,0,0
c35484b1-9536-460f-87c6-8385ee99ada4,1,0,0,0
c395e53e-be99-47a8-a575-a23fd06e47b0,1,0,0,0
c3dcc7de-5637-4854-9822-a60c204edda7,1,0,0,0
c3ebf769-eff1-4bfd-83ea-069914ec1d16,2,0,0,0
c4157ec4-9e0f-4c8a-b29b-587a4e9eb2b4,2,0,2,0
c432fde4-711d-47a5-860e-820e0e225ed9,0,0,0,9
c46dfd07-9378-43b3-9a43-9974ed2e8e8e,3,0,1,0
c4854559-4538-4106-8c70-d60d39880f6b,1,0,0,0
c510fe7f-789f-4781-985d-bc2da078b604,1,0,0,0
c5862d25-0bc3-4297-9844-17ade5117e86,2,0,2,0
c5954575-9916-48e1-9da7-6b353fda5b83,2,0,1,0
c5995ad5-399c-4c0f-bf64-3ce154e8638a,1,0,0,0
c5d85694-43d3-4a54-bbfb-ccedab790ec0,1,0,0,0
c5f14b09-0043-44d4-970f-a7ac32486ac4,1,0,0,0
c61a3a79-0440-4d07-abc0-ee17ec7245cb,2,0,0,0
c627fe1a-b56c-40f8-a5ff-b9b960a3a52f,1,0,0,0
c6557e1e-b8b5-4f1a-bdcb-7257ef048aea,2,0,0,0
c6cd0402-4c71-4cca-b75f-539e9524333b,1,0,0,0
c6f7b720-d9d6-4f8f-955e-d7c4466b1622,1,0,0,0
c7105607-bb88-45c8-b222-d0107a6e6382,3,0,2,0
c71cfc80-52a9-4968-834a-150e91d9a398,2,0,0,0
c74a5a4e-7524-4acb-be9f-f861df90ef70,1,0,0,0
c7d99c91-5619-4ecc-a045-ef4671ea1766,2,0,0,0
c8151ccc-6552-434f-9ed9-c62e194b9ad3,1,0,0,10
c8165271-44d0-422b-9ab3-370772e70b15,2,0,0,0
c8315424-2f54-4aae-8297-9f135d33ae4c,2,0,0,0
c834cd70-b9eb-403e-8941-da539eff0f31,2,0,2,0
c857e75e-74ad-40b6-b234-08bb5a2dc59a,2,0,0,0
c85910c6-6af6-4215-916d-124738dfa5be,1,0,0,0
c8d62eb8-fcd7-4d5e-91a5-8b09d44a702e,2,0,2,0
c8e36a07-417c-4743-983b-a62c3c21481e,2,0,0,0
c8ffb723-87ea-48c8-9421-10b77ec6fbb0,2,0,2,0
c90b575c-ea4b-4041-ba21-d3034c4e0cc5,0,0,0,11
c9146e77-933d-4b9e-b620-6fbbda8d1cdc,2,0,0,0
c92e3db1-4c33-43a0-adc8-afb918a77994,4,0,3,0
c941f1a5-8e68-413c-9e1e-9c2d70c9b7eb,0,0,0,9
c948e66b-d8b5-4e67-b10c-c8bef12788bd,2,0,0,0
c9715e11-ace0-4b45-8893-6895179b8820,1,0,0,10
c9e41f54-b285-444b-846c-25775b0d4f1d,1,0,1,0
ca2ba547-3f1a-498a-ac91-f0f1a51bfb1f,1,0,0,9
ca45d3a5-2ddf-4e3b-ae65-fdc84f500c06,1,0,0,9
ca76eb03-3bc3-4233-a559-b05356186b40,1,0,0,0
cacabd56-2454-4841-a56e-a89c24cdc154,1,0,1,0
cb30cd96-91e6-43f5-831d-5f6fda90534b,2,0,0,0
cb8953fb-2101-4189-9131-82abd554e15d,2,0,0,0
cba620d4-eef9-4fc2-8cc9-68c27b837c23,2,0,0,0
cbaab0d0-8d39-4dee-9e81-d0fa931daaae,0,0,0,9
cbcfaaad-9151-4c6f-b2e4-d8b46583e85b,1,0,0,0
cc40e815-5400-4728-999b-aa5c66966aef,2,0,0,0
cc50d2bd-9714-4ba0-b610-da79c42eab7a,0,0,0,10
cc7d2812-b96d-4e32-87f9-1f4df18f166c,1,0,0,9
cc8c8fe6-a956-4014-95a3-9bfeaf75171e,1,0,0,0
cca01eb2-9bcb-4beb-b3e5-7fe67ced9581,1,0,0,0
ccaaef4a-5fb8-495e-95c1-aa327098f57b,2,0,0,0
ccc44d8e-d6ee-4fca-9861-831fa3127e08,1,0,0,0
ccf1ef27-1e4a-4754-aa08-4ddff0a837a7,0,0,0,11
cd146bf1-7820-4d7a-82f4-63cb6a424e8b,1,0,0,0
cd2beb6a-c688-4845-839a-25361a260502,2,0,0,0
cd52213f-6193-4e8f-b606-dad8b0d09d55,1,0,0,0
cd882056-fa9a-4239-b82e-45f4c821ca80,1,0,0,0
cdbb5235-b4e4-4057-a655-baee64fbc20a,2,0,2,0
cddb00c7-b495-4459-963f-a0b6d6100ef5,2,0,0,0
ce0ef16c-e8e6-4595-8825-dbfea41222b1,2,0,2,0
ce1b8064-1fd3-49c5-95ac-aed0dce691f0,1,0,0,0
ce5a0c94-1533-47e9-af81-486061d96d56,1,0,1,0
ce6ee386-6186-4ed6-b9ee-ecc7cfabc780,1,0,0,0
ce9d617b-24aa-460e-81d6-529a2fe60e42,2,0,0,0
cebdf159-5bbc-4e9f-8f3c-e420e20c2600,1,0,0,0
cf0e55c9-481a-425c-9464-f7c18b04513f,2,0,0,0
cf4f9dfd-2ea2-48e2-ac37-25ee662b3b3c,1,0,0,0
cf6d6d35-ec69-4495-8ea5-20e81c45d61b,2,0,0,0
cfc394d0-924f-4fdd-905f-2d5d4d308988,2,0,2,0
cfcd9f81-1cdc-4fcc-8626-42d36c056b08,2,0,2,0
d01c1761-a310-4c6d-b531-331bdbd967e0,0,0,0,9
d0404c2e-f24e-49f6-898d-415400373e50,2,0,0,0
d047bd86-133c-4a88-9e99-52c3e68c698d,2,0,0,0
d117b2b7-e5a1-4964-a00f-77fd84d5cb30,1,0,0,0
d1bc5ec4-13ab-45da-80b0-4fbcc5f70858,2,0,0,0
d1e1fbf9-6c4b-400f-893a-384f13b1c138,1,0,0,0
d1ea9c5c-c7c4-4dd9-9027-94c6caa5880f,1,0,0,0
d2185b1e-0844-4fa3-8dcc-96509b69496e,1,0,0,0
d28d4757-1fe0-4840-9d46-152235d398b0,2,0,0,0
d295ead1-8d41-404b-bcc7-ef038d2b32bd,1,0,0,0
d2e14e7f-4da2-4d78-9323-998d3704b63c,2,0,0,0
d344ff80-4dbf-4bbc-aee9-35670cd06086,1,0,0,0
d36a00d6-1543-441a-8a51-bf9595fe37e7,0,0,0,9
d38ba2a0-ab6b-4f71-aed4-36f5b57ebef0,0,0,0,10
d3c73512-8e11-4eb5-a319-b585e3f4fa8a,1,0,0,0
d3dd2e04-d93c-479e-9ffa-3b625e0ceed6,1,0,0,0
d4481b62-b7a9-4840-b027-0f205aa8e3b4,0,0,0,9
d46871c8-6bd4-4f8b-8364-2e47d7e3c5f9,1,0,0,0
d4913b7a-8ab1-4d53-b85c-535ce14e080c,2,0,0,0
d49479da-bcd5-48f4-b2e7-0aba5cf2d314,2,0,0,0
d4b92099-8a18-4ab8-b0a1-97b3cfacf303,0,10,0,0
d4bd7108-68fd-432e-ad48-a33a764b82ac,2,0,0,0
d4d392cc-db59-4f78-8c34-25f38b7432e7,1,0,0,0
d4d69fdd-8feb-4ca1-8e7b-29c8bdd958b8,1,0,0,0
d4edce97-3574-4389-9acd-e57dbe52ab2c,2,0,0,0
d4f94fe5-c1c0-4417-99b3-2f9922392c60,1,0,0,0
d5131459-4c7f-445d-9069-f45e01153d1a,1,0,0,0
d5194aaf-5a8f-46a3-8278-dd30e1f06620,1,0,0,10
d5280087-d633-4f0d-a053-f64174c05411,1,0,0,0
d54aee75-3cdf-48f2-8433-f991b0c7ce5d,0,0,0,9
d561a7ab-cc10-40d0-b390-200e96cdc5b3,2,0,0,0
d5ca0842-e59d-4cf2-b149-b5642a2916e4,0,0,0,11
d619b8c0-7d7e-4977-ac3d-f23cbe3ce186,3,0,2,0
d644f2a4-3136-43d5-b01c-a4082810de0f,2,0,0,0
d6f672f5-64e7-4104-ae04-49986b261f0f,2,0,0,0
d6fb32ab-d86a-438a-b68c-c21ceaeae590,1,0,1,0
d71bcb79-74ad-43ec-8263-12dd212b57ee,0,0,0,9
d7218e27-c0d7-4cea-ad3a-d67ccdc73552,2,0,0,0
d76a9acb-721d-4cce-8ee8-8ebf0c0988e6,2,0,0,0
d7fad83b-3585-4ff8-bfae-36981bd92629,2,0,0,0
d7fb7860-84bb-45f3-affd-09706ddc0200,1,0,0,0
d85c8c1a-2e23-45cc-be03-6f220f2c408c,1,0,0,0
d89242be-c84f-4d03-8abc-4f686373a97c,1,0,0,0
d8a58252-6c3a-4041-9896-389d850fc2e3,5,0,3,0
d8cb7990-96ae-4b6e-adb3-43758d88e2d3,2,0,0,0
d9320aed-098f-4858-8951-cd8200e9696a,0,0,0,9
d940a2f4-962f-4be3-bb3f-f6c76f73c431,1,0,0,0
d95001fb-e989-4169-965b-d220c825f4b2,2,0,0,0
d986d3dd-d15c-40de-b5e5-283d340aca94,2,0,0,0
d99270d4-af2c-47a8-90ce-cc7f248efa81,1,0,0,0
d9c2464b-4490-4149-9aed-ba8588697940,1,0,0,0
d9d138eb-dcc1-4ea1-b120-cf8bbfdf7fe2,2,0,0,0
da627c1a-a042-49d6-ae9c-7c54243ebbd0,2,0,2,0
daa99aae-fbd0-47be-8ad3-df2e024f7192,1,0,1,0
dac4c100-7337-41ba-99d3-8153b6b18355,1,0,1,0
dacd89ec-348b-46ae-8591-db872b29d782,0,0,0,9
daf339ea-5d68-4f77-8b1a-d85a44fc90eb,1,0,0,0
db1d7141-c0bd-4010-aa1b-c7eaa81cfe68,3,0,3,0
db34bc27-659f-4119-a0ea-a1dc4e5a0f7b,2,0,2,0
dbc363bf-78e1-4a4d-ad9f-2a0526743ebd,2,0,0,0
dbc480bf-f0a5-4681-987b-c0b0687147e2,2,0,0,0
dbcc4bcf-285a-496c-acc3-fe954fddaf95,2,0,2,0
dbe32670-2deb-4c94-853f-d65daa8fec51,2,0,2,0
dbe592c9-dafe-4899-a0c4-6b5b5df3f78c,0,0,0,11
dc2ff9da-8816-4fef-9b38-e56e368405bf,1,0,0,0
dc56a565-8b32-49ee-b328-76589a316f2a,1,0,0,9
dcfa7d54-3372-4d87-84d0-9870b3d63226,2,0,0,0
dd857cdc-afd2-4b34-9291-d1ca8440a6d6,2,0,0,0
dd88c476-ad9d-46b5-a4a8-9b40094ad750,1,0,0,0
dd89663d-0137-40c0-b632-9b9d559003d5,3,0,1,0
dd9d2477-c072-4cda-b476-be2fef98d6ba,1,0,0,0
ddab6653-5a85-4eb4-8aa2-8dd6586761db,0,0,0,10
ddbd5319-3607-43d2-8c32-b4bc8e79062c,2,0,2,0
ddbed74d-ade1-4c09-bdfb-e4492fb58029,2,0,0,0
ddf4d031-3749-44df-bff8-6447525d69f7,2,0,0,0
de1c5dfc-2065-4161-bd2c-9f476d0a5fef,2,0,0,0
de26122d-d5ec-4c33-8348-19b5478e253a,1,0,0,0
de4d710f-0dc2-4a25-9e63-841852bc133f,1,0,0,0
de952cd0-f60d-4cef-adbc-e9eeae29c5ca,2,0,0,0
dea653d7-28df-429c-8822-52a734df8ba4,2,0,0,0
dec026ab-5972-4821-9e49-01252969427f,0,0,0,10
df1f568e-400f-4000-abac-4e14b2b4ab88,2,0,2,0
df22b88f-366d-46ea-9b04-c2c215dadde8,1,0,0,0
df2cbf23-6368-451a-a452-9f8c374a2158,3,0,3,0
df6eefb2-6796-4589-bce0-e9a1d24788e9,1,0,0,0
df90c734-fc2b-4a2d-9422-5d2e5caec229,2,0,0,0
dfc84382-476c-407b-b59a-a1ecca617d74,3,0,3,0
dfcb009f-18d2-4a96-804b-93b773e019ab,2,0,0,0
dfd45f34-3e8d-4c54-a8f7-735a36aa1b5e,2,0,0,0
e0305280-5a81-439d-b24e-4c6e00e46d47,1,0,0,0
e042e5f9-cb0d-489c-aace-0078f1e4683a,1,0,0,0
e04a2946-78d5-4841-99f4-39ce1b192eea,0,0,0,11
e05316e5-2860-49bc-9d9c-191ff2b9f074,3,0,2,0
e054fac4-c912-4102-84fe-431157d8458c,2,0,0,0
e05aea01-7a06-4235-883d-78e86a2cdab6,2,0,2,0
e05e1434-8cec-4c84-9a9d-49851b131a59,2,0,0,0
e06269ba-52ff-401b-8d5a-4c275fdb5119,2,0,0,0
e068b0cf-c5b8-478a-84a4-6ab6857086b5,1,0,0,0
e0a6c907-f343-4f87-a3ba-a120dab98bf8,2,0,0,0
e0b198fd-9001-47a3-a0d1-7a769a7fc4a5,2,0,0,0
e0bdf1ab-507c-4938-b835-65e5ba358996,1,0,0,0
e0ec9983-0e5a-4e48-9aee-6716eb235d4f,1,0,0,0
e12509f3-44c9-4e65-b23e-6b1d0bb298fa,2,0,0,0
e16020b0-1896-4252-a2f7-6336f5653c96,1,0,0,0
e18a60d9-a328-42f1-9e52-707f57880ede,0,0,0,11
e1ac5da1-d25c-43d0-985c-2fe08c4fabac,0,0,0,10
e1eb8761-a32a-4e5e-9c35-7b19fd709ccd,2,0,0,0
e1f5dc41-f237-403e-ad4d-a586a08ecc63,1,0,0,0
e2007476-0019-4e85-a17e-3fa31395febb,1,0,0,0
e21cd484-bf19-4a38-bc13-af9c9c2df4cf,2,0,0,0
e22d5842-b06b-49d1-9b60-c2ca460705df,2,0,0,0
e27b30bb-9b1c-44c0-a848-18f2a2fbab0a,0,0,0,10
e2bf3a96-8924-40fc-810c-70fccdfeb3d3,1,0,0,0
e2c9ec02-e173-4773-a3e5-c351a35b97ac,1,0,0,0
e3feff11-8d53-40cc-a9a8-4c2ac858d7e6,2,0,0,0
e41b0a84-e2eb-4787-bcc1-7805c9aa1116,0,0,0,9
e43712f7-eba6-479e-b566-cc89d55a5373,1,0,0,0
e460cb71-a844-4845-9543-03247660cf1c,3,0,3,11
e46152ef-2779-4667-b42c-1e2e0209d531,0,0,0,9
e49d5672-ecc1-4f09-b75e-e41fb00cace9,1,0,0,0
e4ac3e7f-7f8a-4c2b-9936-b91e7e05e3e9,1,0,0,0
e4cbaf2e-5ea6-4690-b983-837a4fadc516,2,0,0,0
e51cb934-2c60-4716-9604-d6c92dd9aa7c,1,0,0,0
e528e438-284a-4514-84de-651fd3330a2f,2,0,0,0
e53f462f-7c54-4039-8a26-a5294c57456d,0,0,0,10
e57cb527-ed21-4071-8099-0cace361001d,2,0,2,0
e5882527-14cc-42db-9d2d-c44fba8fdd9d,2,0,0,0
e5dc4239-f8ac-47c5-aed7-3f2fc39cfcd0,2,0,0,0
e5e1755d-2502-4d10-9692-5ed4b90a1c66,2,0,2,0
e5e6c78f-e8a5-41db-99e4-6e4e87e4a6bd,0,0,0,10
e5f279f3-8015-49fa-9bcc-050158695037,1,0,0,0
e5f3ec31-0f5a-4de7-8c3f-fabf40ead6b4,1,0,0,0
e5f576d8-227f-4d5d-8794-4284f69e5f36,3,0,3,0
e63c3cee-fe89-4dad-bb1d-d02c59bec74c,1,0,0,0
e688f3fb-7685-4b80-8db1-16f8bdf25760,1,0,0,0
e6a0c963-460c-4e2a-97d7-455fa05ca312,2,0,0,0
e6a7067c-3190-4a33-b991-5cc2ae635085,1,0,1,0
e6c0abe0-4458-44a1-8c6a-0ecd02c5fc1d,1,0,0,0
e6d916fb-3673-411d-bc5b-18757c3d63bd,2,0,2,0
e74c231e-90b3-4749-b425-ec4baf5f31bd,2,0,0,0
e7cb857a-b830-4909-be2f-a55ee708860c,2,0,0,0
e7e8f582-a5b6-4612-9f68-5c03abc3cf72,1,0,0,0
e7f8ab42-5659-4843-86bd-a88f545f6c8d,2,0,0,0
e807292f-1f2b-4b6a-a5a9-b8db1c3e3712,2,0,0,0
e830850a-af52-426d-b1f4-37babc764d5d,2,0,0,0
e83274c1-81fd-4318-9e92-afa32df6ba19,1,0,0,0
e8452a5e-2203-4fa5-b54a-409aee7d772d,2,0,0,0
e851e3a6-bc6e-42ca-a3f6-dc2e58e50420,1,0,1,0
e876a931-e711-4fcf-ae73-ba9329e25213,2,0,2,0
e88ecea8-b60f-4b14-a5ad-ae05b21ac816,2,0,0,0
e89a9c80-c0b6-400b-8752-fd4a33e2eaeb,1,0,0,0
e8b0bb3f-9870-44be-9933-009cba4c42ae,2,0,0,0
e936a065-55e9-40a5-891c-353183e45f90,2,0,0,0
e944f0dc-e527-4ccf-8cd5-6474edaf7bfd,1,0,0,0
e977769c-5001-4547-9efd-d820e985e3e0,1,0,0,0
e9de3bc9-ee0f-4a80-910e-cff127adbd99,1,0,0,0
e9ef72e8-f111-4624-b4be-5c24dceca801,2,0,0,0
ea142b81-2283-4881-ae6c-e747f88edfa0,1,0,0,0
ea4d8b5d-b4cd-487a-a391-7746526d13bb,1,0,0,0
ea50f03d-075f-428a-b378-c250ff4c88c0,1,0,0,11
eab8b3f0-6371-4086-85c1-299b6776e214,2,0,0,0
eafaf23f-fb04-4a8d-99d0-f315631ea5bd,1,0,0,0
eb103605-f8ae-4d2d-b669-f03ee62ba8ce,1,0,0,0
eb901363-97ce-463d-a21e-a5c03821426a,2,0,0,0
eb901b29-bbf5-4b9b-8e1c-d5ab70bfd286,1,0,0,0
eb991f33-9d2f-4493-bd31-12ad2dfb343c,1,0,0,0
ebc49374-16ad-4a5d-acbd-3e4f352a5248,0,0,0,11
ec0eb1e8-19a3-4c23-af38-19b8d3642d01,2,0,0,0
ec84b493-0783-4fba-8056-29facfbf6320,1,0,0,0
ecb94743-3bdc-43a8-9248-434382576bdc,1,0,0,0
ecec825f-c15d-4160-87fd-05ee0507f7e4,2,0,0,0
ed420cc1-e9eb-4790-a917-3db7d421ab68,0,0,0,10
ed45e3cf-fbb7-419d-af49-5429ebb55eb1,0,0,0,11
ed4727cf-04fb-4173-bc3b-73f038cd37cb,1,0,0,0
ed621378-9f3f-433d-a305-04af904061a7,1,0,0,0
edc8ef72-d236-43e1-9f0e-a9bc28f55c7c,1,0,1,0
eded5aaa-5e30-4952-a61f-045aab07f4ee,0,0,0,10
ee794d80-7ca3-4f46-a8e5-caa9a6b86180,2,0,2,0
eeaad60a-393a-4a84-abb1-2b492696a197,2,0,2,0
eeb4355f-7f91-436a-809d-7c6243b6638c,1,0,0,0
eee148f3-6d16-4c06-8a20-4127943082c5,1,0,0,0
eee8f05e-87bc-4575-b940-c1705cc5ca35,2,0,0,0
eeff7509-378d-4dd2-bd4c-153fdaecd672,2,0,0,0
ef183c14-c69a-4b5c-981e-d9286b3e0270,2,0,0,0
ef6a41d7-58d5-42b3-97ce-06d652cbf4e3,1,0,0,0
ef77cc40-e899-4f8c-b8f6-a8e981c8383a,2,0,2,0
efb18122-a9a0-4e72-bbe1-a908ca6dbbef,1,0,0,0
efb3fab8-0898-4365-aee4-952fa9551bf4,2,0,0,0
f04eee18-c396-4543-9243-06b6aa2f5958,2,0,0,0
f052e169-7213-4c35-9a61-a4d4a754b681,2,0,0,0
f0b91c4f-a38d-488f-a0b3-41dd2a0a3ea5,2,0,2,0
f0badd63-3378-4383-b63f-dd054a9b15f0,1,0,0,0
f145406d-d7a3-4997-8ead-301716bcf565,2,0,0,0
f154293d-467f-406a-9ab5-dc96bbecb28f,2,0,2,0
f1592a8e-46b3-4ea1-977a-8542857d1cf0,1,0,0,0
f15dd6e7-264e-41d2-8dc3-cbe75be21ea6,2,0,0,0
f1cf13e5-ff52-49fc-9cd2-3797496632c8,1,0,0,0
f1ff3131-243f-4c24-ac32-c866e42c8c61,1,0,0,0
f224c48a-fdba-46bb-8e6d-64aa0c15e129,1,0,0,0
f26b0db4-ca7c-4f2f-95fd-6c33a2110292,1,0,0,9
f283a919-ddda-439b-bfef-a95b77295138,0,0,0,10
f29b3934-e14e-4343-98bb-f55ad1f38fc0,1,0,0,0
f2d4882a-96cb-4b2e-a3ae-e2605fea7305,2,0,0,0
f3006722-3339-4a0e-a93f-7dd7058d5664,1,0,0,0
f34dba1c-131f-4cd7-8d45-3d6fe09827fd,1,0,0,0
f3516fa5-8e39-4acd-848d-95ff739532ff,0,0,0,11
f37108db-7253-477b-a4a2-6c07d26f7bf2,2,0,0,0
f3984c83-38b3-40ff-988b-1863e4168c6d,1,0,0,0
f3c9f6c3-c269-44ff-b56b-df7a175b3825,2,0,0,11
f3ec07f9-ec7f-4221-962d-f7d7d34d888b,1,0,0,0
f4360e48-3f2d-4d1f-b86e-f19cf4e17383,2,0,0,0
f479aea6-5c58-4ca3-adac-fc651a5c7823,5,0,3,0
f49028e0-1355-4aa7-a96d-f975e587f14b,1,0,0,0
f498d4cd-9b03-4ea5-849b-bfe357793ce2,3,0,2,0
f4a41af4-a7dc-4dba-bc68-abf4dff6d2ee,1,0,0,0
f4cba720-3c01-4f2e-bb8e-9d7dea0453a5,2,0,0,0
f539c62d-5827-433a-be7e-7d39dee283d4,1,0,0,0
f5565332-e0ce-4dee-80ee-af4f344f5e25,2,0,2,0
f56a193d-a538-4bca-9cb3-cbbd453ec322,1,0,0,0
f5886cc3-cbf5-4100-a201-92e3e2b6d8f6,0,0,0,10
f5a5c239-7f68-4259-bd09-7484aa019247,1,0,0,0
f5bf4b72-89b1-4a7e-88f2-c6944f79723b,2,0,2,0
f6054e12-3a0d-4014-b637-c569c12caf0c,1,0,0,0
f612f9ab-c6e1-4fcb-8d40-b9aa3982ae72,1,0,0,0
f6e5ff2b-6fe0-49da-846f-93df60244099,2,0,0,0
f71da343-e38d-4b16-bf48-2b1ddbeaed15,1,0,0,0
f7349ec6-e48c-45ee-9786-fb406182c401,2,0,0,0
f747d5de-af76-43e5-924f-558092857d52,1,0,0,0
f7509d8b-90d1-4ba1-b7c8-df7e9e378dc7,1,0,0,0
f77da252-173b-4b2e-933d-e6c135c1d4ae,2,0,0,0
f7e0d699-d96a-48da-abdf-31e0a0a178cd,1,0,1,0
f7e52c28-9342-40bc-9676-300247a85db1,3,0,2,0
f7fb239b-9a23-4865-9015-f87f8ff6bee2,1,0,0,0
f81c416a-379e-4f47-90cc-78da15e0a3b2,1,0,0,0
f8ede20e-a49c-4ee1-9bcd-8e106d78db21,2,0,0,0
f90acf6b-b528-4c65-be60-ddd0bfb939d3,2,0,0,0
f91fe6b4-e004-4c2e-9638-c7ef5f48d372,2,0,0,0
f9d73816-6f15-4517-b693-3df44f71e96f,2,0,0,0
fa4380e9-b7e1-4396-a4d7-77875406cc56,1,0,0,0
fa5fc5be-25e4-4a56-a237-d0c16c19a023,2,0,0,0
fa99750d-907a-44d3-852f-2cdb570656c3,2,0,0,0
faacfaf7-7205-4407-9345-818995ddb3ce,2,0,2,0
faebbb13-430f-41e9-ae2b-926395064b5a,2,0,2,0
faf7f8b5-9a71-42b8-a083-3c68e5bec1a4,1,0,0,0
fb3d97c1-85ce-4522-9f41-093ba12a08d9,1,0,0,0
fb507c8d-4ef7-4daf-8152-281a9aab3116,3,0,3,0
fb52f6f3-6208-4c0b-b766-8e456355b535,0,0,0,10
fb75d48c-2dae-41bc-a991-d13ab203e992,1,0,0,0
fb9b2b3c-b0fc-4998-9218-b09d3f22eb1e,1,0,0,0
fbe86e07-45ce-4774-ae05-49055e3a5d0d,1,0,0,0
fbfe8ffc-d96a-428d-b017-d05034d747b2,2,0,0,0
fc0a2dbb-dda8-4499-ab54-2efc3b00e816,0,0,0,10
fc701532-7728-40b0-83ac-189462c3f0ba,1,0,0,0
fc7e7998-d6dd-4ab6-a2f0-ebe439ada6c7,0,0,0,9
fcc31168-7686-49a1-a839-1a3adde98325,2,0,0,0
fce3d5ff-1102-410e-a5ba-c5199549baa9,2,0,0,0
fced253d-4113-4d1c-b0b9-170c466a758e,0,0,0,10
fcfbca97-46b6-42f6-b28e-1721dfe49e6d,1,0,0,0
fdc017c0-86ef-4ac4-aa5f-642c4664a584,1,0,0,0
fe14afa8-16c5-4aa6-825c-17b58fa4fd21,1,0,0,0
fe7ddda9-60fe-42d2-9b29-a08be84a2326,2,0,0,0
fe9ecc1c-d779-4017-9d8c-6cbf40360c6d,2,0,0,0
feadf6fb-0ce7-459b-ab5b-2c2f02e0a689,2,0,0,0
ff016c7c-8921-4aa7-bd96-5fcb06f2d109,1,0,0,0
ff22a2a7-4911-41da-ae95-ef88e67b2291,2,0,1,0
ff330384-be2c-45f5-b91d-0cfc5673388e,2,0,0,0
ff641ff3-87cc-4cc7-a6ee-71d8fd9cd152,1,0,0,0
ff7088e4-9fe2-4df8-9719-c94f5b914899,2,0,0,0
ff79281b-1bf6-42ba-bf12-a0f9f3ac456c,1,0,0,0
ffa26e58-2ea3-4e67-a8a6-4b241bf9f6f0,1,0,0,0
ffa610ee-8a94-4dc2-8d48-11c040f8ebd1,2,0,0,10
ffbf733b-9652-4fb0-abe3-75a131059e8f,4,0,2,0
fff2cb7d-0d55-4dd8-9a16-b99711103491,1,0,0,0
fffcaefc-083d-4f87-b3e8-1a36c7ca1c51,1,0,0,0
